ENROLLMENT ID,ENROLLMENT STATE,PROVIDER TYPE CODE,PROVIDER TYPE TEXT,NPI,MULTIPLE NPI FLAG,CCN,ASSOCIATE ID,ORGANIZATION NAME,DOING BUSINESS AS NAME,INCORPORATION DATE,INCORPORATION STATE,ORGANIZATION TYPE STRUCTURE,ORGANIZATION OTHER TYPE TEXT,PROPRIETARY_NONPROFIT,ADDRESS LINE 1,ADDRESS LINE 2,CITY,STATE,ZIP CODE,latitude,longitude,geocoded,health_system
O20021022000023,MO,00-17,PART A PROVIDER - RURAL HEALTH CLINIC,1083705529,N,263939,1052229622,FAMILY WALK IN CLINIC OF MOUNTAIN GROVE INC,,2002-09-01,MO,CORPORATION,,P,205 W 3RD STREET,SUITE 3,MOUNTAIN GROVE,MO,657111600,37.129311596091334,-92.26196502402532,True,Independent
O20030224000044,MO,00-17,PART A PROVIDER - RURAL HEALTH CLINIC,1700902244,N,263925,9638088172,BRIDGES MEDICAL SERVICES PC,,1999-04-01,MO,CORPORATION,,P,256 STATE HWY Y,,FORSYTH,MO,656535564,36.68492786356073,-93.11436497481496,True,Independent
O20030314000004,MO,00-17,PART A PROVIDER - RURAL HEALTH CLINIC,1366520694,N,263480,5092624320,SKAGGS COMMUNITY HOSPITAL ASSOCIATION,COXHEALTH CENTER BRANSON WEST,1940-01-01,MO,CORPORATION,,N,18452 BUSINESS 13,,BRANSON WEST,MO,657379609,36.64097049904328,-93.31933092587278,True,Independent
O20030526000000,MO,00-17,PART A PROVIDER - RURAL HEALTH CLINIC,1811036791,N,263940,3971413360,MANSFIELD CLINIC INC,MANSFIELD CLINIC INC,2002-05-01,MO,CORPORATION,,P,304W COMMERCIAL ST.,,MANSFIELD,MO,657049527,35.131070142350595,-94.25714813100916,True,Independent
O20030617000029,MO,00-17,PART A PROVIDER - RURAL HEALTH CLINIC,1437191095,N,268539,143130393,SAINT LUKES HOSPITAL OF CHILLICOTHE,HEDRICK MEDICAL CENTER,1995-09-28,MO,CORPORATION,,N,2791 N WASHINGTON ST,,CHILLICOTHE,MO,646012902,39.79272771171545,-93.5548010072725,True,Independent
O20030708000012,MO,00-17,PART A PROVIDER - RURAL HEALTH CLINIC,1891734505,N,268567,1456261395,MACON COUNTY SAMARITAN HOSPITAL,TOTAL FAMILY HEALTH CARE A DIVISION OF SAMARITAN  HOSPITAL,,MO,OTHER,COUNTY HOSPITAL,N,1201 N RUTHERFORD ST,,MACON,MO,635522020,39.743409575772446,-92.47615730000987,True,Independent
O20030711000041,MO,00-17,PART A PROVIDER - RURAL HEALTH CLINIC,1417959149,N,263889,6800706797,MEDSTOP ONE INC,,1997-08-12,MO,CORPORATION,,P,3065  WILLIAM ST,SUITE 209,CAPE GIRARDEAU,MO,637036373,37.30523188451645,-89.51877347921224,True,Independent
O20030721000005,MO,00-17,PART A PROVIDER - RURAL HEALTH CLINIC,1164456612,N,268564,1254248917,LESTER E COX MEDICAL CENTERS,COXHEALTH CENTER ROGERSVILLE,,,CORPORATION,,N,151 JOHNSTOWN DR,,ROGERSVILLE,MO,657429366,37.115711449848185,-93.0547855028541,True,COXHEALTH
O20030829000032,MO,00-17,PART A PROVIDER - RURAL HEALTH CLINIC,1801839147,N,263996,6800707225,POPLAR BLUFF REGIONAL MEDICAL CENTER LLC,MALDEN MEDICAL CENTER,2009-04-14,MO,LLC,,P,806 N DOUGLASS ST,,MALDEN,MO,638631512,36.5573,-89.9665,True,Independent
O20030909000021,MO,00-17,PART A PROVIDER - RURAL HEALTH CLINIC,1275576654,N,263473,6800707225,POPLAR BLUFF REGIONAL MEDICAL CENTER LLC,PUXICO MEDICAL CLINIC,2009-04-14,MO,LLC,,P,130 E HARBIN AVE,,PUXICO,MO,639609104,36.9486,-90.1597,True,Independent
O20030909000032,MO,00-17,PART A PROVIDER - RURAL HEALTH CLINIC,1700821212,N,263440,6800707225,POPLAR BLUFF REGIONAL MEDICAL CENTER LLC,DEXTER MEDICAL CENTER,2009-04-14,MO,LLC,,P,610 N ONE MILE RD,,DEXTER,MO,638412539,36.79309735729709,-89.96263074216905,True,Independent
O20030911000017,MO,00-17,PART A PROVIDER - RURAL HEALTH CLINIC,1407950520,N,263967,1254248917,LESTER E COX MEDICAL CENTERS,COXHEALTH CENTER WILLOW SPRINGS,1923-04-19,MO,CORPORATION,,N,816 E MAIN,,WILLOW SPRINGS,MO,657931518,36.99726867149097,-91.9730552392757,True,COXHEALTH
O20031023000025,MO,00-17,PART A PROVIDER - RURAL HEALTH CLINIC,1720075161,N,268904,4587576244,BURTON CREEK RURAL CLINIC LLC,,2003-07-16,MO,LLC,,P,805 N KENTUCKY AVE,,WEST PLAINS,MO,657752022,36.727686161693406,-91.85378537774196,True,Independent
O20040302001332,MO,00-17,PART A PROVIDER - RURAL HEALTH CLINIC,1003873266,N,268584,4688561814,GOLDEN VALLEY MEMORIAL HOSPITAL DISTRICT,GOLDEN VALLEY MEDICAL-CLINTON,2019-06-10,MO,OTHER,GOVERNMENT DISTRICT HOSPITAL,N,1602 N 2ND ST,,CLINTON,MO,647351192,35.59316361419524,-92.46495139890452,True,MEMORIAL
O20040302001348,MO,00-17,PART A PROVIDER - RURAL HEALTH CLINIC,1366490971,N,268588,4688561814,GOLDEN VALLEY MEMORIAL HOSPITAL DISTRICT,GOLDEN VALLEY MEDICAL-WARSAW,,,OTHER,DISTRICT HOSPITAL,N,1771 COMMERCIAL ST,,WARSAW,MO,653553096,38.24273600719128,-93.37701483458414,True,MEMORIAL
O20040305000276,MO,00-17,PART A PROVIDER - RURAL HEALTH CLINIC,1316995939,N,268583,4688561814,GOLDEN VALLEY MEMORIAL HOSPITAL DISTRICT,GOLDEN VALLEY MEDICAL-WINDSOR,,,OTHER,DISTRICT HOSPITAL,N,100 S TEBO ST,,WINDSOR,MO,653601161,38.529673516849016,-93.5248897257446,True,MEMORIAL
O20040408000048,MO,00-17,PART A PROVIDER - RURAL HEALTH CLINIC,1871663583,N,268591,1355252891,MISSOURI DELTA MEDICAL CENTER,MISSOURI DELTA EXPRESS CARE,1942-03-30,MO,CORPORATION,,N,1008 N MAIN ST,,SIKESTON,MO,638015044,36.88149418031172,-89.5839364441442,True,Independent
O20040409000228,MO,00-17,PART A PROVIDER - RURAL HEALTH CLINIC,1770504557,N,263439,3274432802,STE GENEVIEVE COUNTY MEMORIAL HOSPITAL,PINE DRIVE MEDICAL CENTRE,1969-04-01,MO,OTHER,POLITICAL SUBDIVISION,N,575 PINE DR,,STE GENEVIEVE,MO,63670,37.97788117441676,-90.04277213501278,True,MEMORIAL
O20040501000050,MO,00-17,PART A PROVIDER - RURAL HEALTH CLINIC,1629286976,N,268942,8123016078,COMMUNITY HEALTH CARE ASSOCIATES INC,BEYER MEDICAL GROUP,2000-10-11,MO,CORPORATION,,P,735W MAIN ST,,FREDERICKTOWN,MO,636451113,37.55811557755484,-90.29734723506488,True,Independent
O20040503001653,MO,00-17,PART A PROVIDER - RURAL HEALTH CLINIC,1851305163,N,268586,5092622001,CAMERON REGIONAL MEDICAL CENTER INC,PLATTSBURG FAMILY MEDICINE,1963-06-28,MO,CORPORATION,,N,214 N MAIN ST,,PLATTSBURG,MO,644771238,39.5647,-94.4619,True,Independent
O20040614000165,MO,00-17,PART A PROVIDER - RURAL HEALTH CLINIC,1669504411,N,263850,7416865845,MERCY CLINIC SPRINGFIELD COMMUNITIES,MERCY CLINIC FAMILY MEDICINE - STEELVILLE,2000-09-01,MO,CORPORATION,,N,518 PINE,,STEELVILLE,MO,655656041,37.9631,-91.3549,True,MERCY
O20040614000830,MO,00-17,PART A PROVIDER - RURAL HEALTH CLINIC,1134251929,N,263943,7416865845,MERCY CLINIC SPRINGFIELD COMMUNITIES,MERCY CLINIC - ST. JAMES,1990-10-23,MO,CORPORATION,,N,107W ELDON ST,,SAINT JAMES,MO,655591903,37.9992,-91.6107,True,MERCY
O20040614000920,MO,00-17,PART A PROVIDER - RURAL HEALTH CLINIC,1770616781,N,263813,7416865845,MERCY CLINIC SPRINGFIELD COMMUNITIES,MERCY CLINIC - ST. ROBERT,2000-09-01,MO,CORPORATION,,N,608 OLD ROUTE 66,,SAINT ROBERT,MO,655843730,37.8317,-92.1818,True,MERCY
O20040622000817,MO,00-17,PART A PROVIDER - RURAL HEALTH CLINIC,1619030681,N,268510,345236667,COX-MONETT HOSPITAL INC,COXHEALTH CASSVILLE,1993-10-19,MO,CORPORATION,,N,75 SMITHSON DR,# A,CASSVILLE,MO,656259429,36.67904855949194,-93.86644829150598,True,COXHEALTH
O20040624000322,MO,00-17,PART A PROVIDER - RURAL HEALTH CLINIC,1487616256,N,268563,2860306750,GENERAL JOHN J PERSHING MEMORIAL HOSPITAL ASSOCIATION,COMMUNITY MEDICAL ASSOCIATES,1955-11-01,MO,CORPORATION,,N,130 E LOCKLING ST,,BROOKFIELD,MO,646282337,39.7803,-93.0785,True,MEMORIAL
O20040713000525,MO,00-17,PART A PROVIDER - RURAL HEALTH CLINIC,1538159058,N,263485,7517853781,CASS REGIONAL MEDICAL CENTER,PLEASANT HILL MEDICAL CLINIC,1981-02-05,MO,OTHER,POLITICAL SUBDIVISION,P,1601 N STATE ROUTE 7,,PLEASANT HILL,MO,640801945,38.7883,-94.2691,True,Independent
O20040713000640,MO,00-17,PART A PROVIDER - RURAL HEALTH CLINIC,1568443711,N,268515,7517853781,CASS REGIONAL MEDICAL CENTER,HARRISONVILLE MEDICAL CLINIC,1981-02-05,MO,OTHER,POLITICAL SUBDIVISION,P,2820 E ROCK HAVEN RD,STE 210,HARRISONVILLE,MO,647014414,38.650551356241465,-94.34404034298186,True,Independent
O20040721000658,MO,00-17,PART A PROVIDER - RURAL HEALTH CLINIC,1376679423,N,268579,3870491863,OZARKS MEDICAL CENTER,OZARKS HEALTHCARE MOUNTAIN GROVE,1959-03-01,MO,CORPORATION,,N,500 E 19TH ST,STE A,MOUNTAIN GROVE,MO,657111115,37.13539737275914,-92.26404478581436,True,Independent
O20040805000502,MO,00-17,PART A PROVIDER - RURAL HEALTH CLINIC,1467539031,N,268568,1355255886,MADISON MEDICAL CENTER STOCKHOFF MEMORIAL NURSING HOME,MADISON MEDICAL CENTER,,,OTHER,GOVERNMENT,N,611 W MAIN ST,,FREDERICKTOWN,MO,636451111,37.55918934623525,-90.29659556366988,True,MEMORIAL
O20040901000838,MO,00-17,PART A PROVIDER - RURAL HEALTH CLINIC,1215059985,N,268577,2567351570,JOHN FITZGIBBON MEMORIAL HOSPITAL INC.,FITZGIBBON PROFESSIONAL BUILDING,1961-04-12,MO,CORPORATION,,N,2305 S HIGHWAY 65,BLDG A,MARSHALL,MO,653403702,39.12317656232582,-93.19408753789963,True,MEMORIAL
O20040903001019,MO,00-17,PART A PROVIDER - RURAL HEALTH CLINIC,1568574341,N,268581,8426024159,PEMISCOT COUNTY MEMORIAL HOSPITAL,PMHS CONVENIENT CARE CLINIC,,,OTHER,COUNTY GOVERNMENT,N,946 E REED ST,,HAYTI,MO,638511243,36.2367,-89.7545,True,MEMORIAL
O20040916001336,MO,00-17,PART A PROVIDER - RURAL HEALTH CLINIC,1568412062,N,268598,6103714126,BOTHWELL REGIONAL HEALTH CENTER,BOTHWELL HEALTH CENTER-TRUMAN LAKE,,,OTHER,RHC,N,1765 COMMERCIAL ST,,WARSAW,MO,653553096,38.2437132130984,-93.37984404737402,True,Independent
O20040928001113,MO,00-17,PART A PROVIDER - RURAL HEALTH CLINIC,1760472922,N,268522,7517853781,CASS REGIONAL MEDICAL CENTER,ARCHIE MEDICAL CLINIC,1981-02-05,MO,OTHER,POLITICAL SUBDIVISION,P,709 E PINE ST,,ARCHIE,MO,647259215,38.4803,-94.3527,True,Independent
O20040928001225,MO,00-17,PART A PROVIDER - RURAL HEALTH CLINIC,1588654784,N,263458,7517853781,CASS REGIONAL MEDICAL CENTER,GARDEN CITY MEDICAL CLINIC,1981-02-05,MO,OTHER,POLITICAL SUBDIVISION,P,101 OLD HIGHWAY 7 RD,STE B,GARDEN CITY,MO,647478165,38.4022,-94.193,True,Independent
O20041111000502,MO,00-17,PART A PROVIDER - RURAL HEALTH CLINIC,1871539023,N,268571,1254248917,LESTER E COX MEDICAL CENTERS,COXHEALTH CENTER MOUNTAIN GROVE,,,CORPORATION,,N,1602A N MAIN ST,,MOUNTAIN GROVE,MO,657111010,37.132811115801765,-92.26645227442644,True,COXHEALTH
O20041111000776,MO,00-17,PART A PROVIDER - RURAL HEALTH CLINIC,1124054432,N,268531,1254248917,LESTER E COX MEDICAL CENTERS,COXHEALTH CENTER BUFFALO,,,CORPORATION,,N,119 N ASH ST,,BUFFALO,MO,656228590,37.64662091817789,-93.09649959808009,True,COXHEALTH
O20041115000288,MO,00-17,PART A PROVIDER - RURAL HEALTH CLINIC,1558391912,N,263451,1254248917,LESTER E COX MEDICAL CENTERS,COXHEALTH CENTER SEYMOUR,,,CORPORATION,,N,202 N COMMERCIAL ST,,SEYMOUR,MO,657468858,37.1489,-92.7698,True,COXHEALTH
O20041115000368,MO,00-17,PART A PROVIDER - RURAL HEALTH CLINIC,1972533347,N,263472,1254248917,LESTER E COX MEDICAL CENTERS,COXHEALTH CENTER MARSHFIELD,1923-04-19,MO,CORPORATION,,N,1245 BANNING ST,,MARSHFIELD,MO,657061001,37.34234501915404,-92.91159186526752,True,COXHEALTH
O20041117001261,MO,00-17,PART A PROVIDER - RURAL HEALTH CLINIC,1295800761,N,268590,5496669962,HERMANN AREA HOSPITAL DISTRICT,SOUTHWEST MEDICAL ASSOCIATES,1983-05-31,MO,OTHER,HOSPITAL DISTRICT-POLITICAL SUBDIVISION,N,123 BAVARIAN HILLS PLZ,,HERMANN,MO,650411613,38.7047,-91.4368,True,Independent
O20041215000227,MO,00-17,PART A PROVIDER - RURAL HEALTH CLINIC,1922137645,N,268935,7416865845,MERCY CLINIC SPRINGFIELD COMMUNITIES,MERCY CLINIC PEDIATRICS-ROLLA,1990-10-23,MO,CORPORATION,,N,1605 MARTIN SPRINGS DR 250,,ROLLA,MO,654012980,37.95028644056265,-91.77095140256507,True,MERCY
O20041230000395,MO,00-17,PART A PROVIDER - RURAL HEALTH CLINIC,1548266737,N,263849,5991763401,STEVEN CRAWFORD,DESOTO FAMILY PRACTICE,,,SOLE PROPRIETOR,,P,12 JEFFERSON SQUARE,,DE SOTO,MO,630201031,38.13540007704603,-90.55027237840817,True,Independent
O20050110000798,MO,00-17,PART A PROVIDER - RURAL HEALTH CLINIC,1861559817,N,268593,345153680,COMMUNITY MEMORIAL HOSPITAL DISTRICT,AC RURAL HEALTH CLINIC,,,OTHER,HOSPITAL DISTRICT,N,408 E 7TH ST,BOX 97,APPLETON CITY,MO,647241617,38.1928,-94.033,True,MEMORIAL
O20050614001342,MO,00-17,PART A PROVIDER - RURAL HEALTH CLINIC,1396827408,N,263407,2668380148,MISSOURI BAPTIST HOSPITAL OF SULLIVAN,MISSOURI BAPTIST CUBA MEDICAL OFFICE,,,CORPORATION,,N,102 OZARK DR,STE B,CUBA,MO,654531664,38.0619,-91.4043,True,Independent
O20050818000053,MO,00-17,PART A PROVIDER - RURAL HEALTH CLINIC,1144214974,N,268944,5395775456,COMPASSIONATE CARE LLC,FAMILY PREFERENCE HEALTHCARE CLINIC,2005-05-16,MO,LLC,,P,201 W MAIN,,MATTHEWS,MO,63867,36.7331,-89.5859,True,Independent
O20050830000585,MO,00-17,PART A PROVIDER - RURAL HEALTH CLINIC,1649332156,N,268946,1951353192,CHERYL G WILLIAMS DO PC,MT. VERNON CLINIC,2002-04-12,MO,CORPORATION,,P,1011 S EAST ST,,MOUNT VERNON,MO,657121331,35.22690808594912,-92.10973405408072,True,Independent
O20051205000387,MO,00-17,PART A PROVIDER - RURAL HEALTH CLINIC,1235228222,N,263487,2668380148,MISSOURI BAPTIST HOSPITAL OF SULLIVAN,SULLIVAN MEDICAL OFFICE,,,CORPORATION,,N,965 MATTOX DR,,SULLIVAN,MO,630802365,38.2125062652549,-91.16499543391949,True,Independent
O20051205000413,MO,00-17,PART A PROVIDER - RURAL HEALTH CLINIC,1326131475,N,268527,2668380148,MISSOURI BAPTIST HOSPITAL OF SULLIVAN,BOURBON MEDICAL OFFICE,,,CORPORATION,,N,240 COLLEGE ST,,BOURBON,MO,654418308,38.1464,-91.2537,True,Independent
O20051205000439,MO,00-17,PART A PROVIDER - RURAL HEALTH CLINIC,1487735445,N,268528,2668380148,MISSOURI BAPTIST HOSPITAL OF SULLIVAN,MISSOURI BAPTIST STEELVILLE OFFICE,,,CORPORATION,,N,510 W MAIN ST,,STEELVILLE,MO,655658102,37.9631,-91.3549,True,Independent
O20060601000292,MO,00-17,PART A PROVIDER - RURAL HEALTH CLINIC,1407989510,N,268611,9436052230,MOBERLY HOSPITAL COMPANY LLC,MOBERLY RURAL HEALTH CLINIC,2007-10-29,DE,LLC,,P,1501 UNION AVE,,MOBERLY,MO,652709469,39.41939172163371,-92.43965675439132,True,Independent
O20060914000104,MO,00-17,PART A PROVIDER - RURAL HEALTH CLINIC,1285687509,N,268961,3971413360,MANSFIELD CLINIC INC,PRIME CARE OF AVA,2002-05-01,MO,CORPORATION,,P,120 W LINCOLN AVE,,AVA,MO,656085567,36.95064187742994,-92.65729381068756,True,Independent
O20061212000208,MO,00-17,PART A PROVIDER - RURAL HEALTH CLINIC,1295815017,N,268616,3870491863,OZARKS MEDICAL CENTER,OZARKS HEALTHCARE MOUNTAIN VIEW,1959-03-01,MO,CORPORATION,,N,220 N ELM ST,,MOUNTAIN VIEW,MO,655488644,36.99630797638243,-91.70521123262336,True,Independent
O20061229000442,MO,00-17,PART A PROVIDER - RURAL HEALTH CLINIC,1013993898,N,263874,8527012103,"CONWAY FAMILY CLINIC, INC.",,1996-08-29,MO,CORPORATION,,P,301 S. NEWPORT AVE,,CONWAY,MO,656838322,35.092848027652224,-92.44350625135183,True,Independent
O20070130000017,MO,00-17,PART A PROVIDER - RURAL HEALTH CLINIC,1275686883,N,268960,9537160890,"SCHEIDLER RURAL HEALTH CLINIC, LLC",,2006-09-11,MO,LLC,,P,301 SOUTH BYP,,KENNETT,MO,638573252,36.2356,-90.0537,True,Independent
O20070517000545,MO,00-17,PART A PROVIDER - RURAL HEALTH CLINIC,1760500862,N,268965,1951298157,MANAGED CARE INC,,1994-03-25,MO,CORPORATION,,P,808 HUNTER AVE,SUITE 4,SIKESTON,MO,638012248,36.873552269034214,-89.58378562221917,True,Independent
O20070912000019,MO,00-17,PART A PROVIDER - RURAL HEALTH CLINIC,1053376947,N,268551,941119150,MIDWEST DIVISION - LRHC LLC,LEXINGTON MEDICAL CLINIC,,,LLC,,P,1026 MAIN ST,,LEXINGTON,MO,640671345,39.1867,-93.8774,True,Independent
O20070912000475,MO,00-17,PART A PROVIDER - RURAL HEALTH CLINIC,1740246693,N,268548,941119150,MIDWEST DIVISION - LRHC LLC,HIGGINSVILLE MEDICAL CLINIC,,,LLC,,P,3401 PINE ST,,HIGGINSVILLE,MO,640371877,39.0752352,-93.7172567,True,Independent
O20070912000596,MO,00-17,PART A PROVIDER - RURAL HEALTH CLINIC,1003872185,N,268550,941119150,MIDWEST DIVISION - LRHC LLC,ODESSA MEDICAL GROUP,,,LLC,,P,316 W US HIGHWAY 40,,ODESSA,MO,640767445,38.9995797,-93.9539663,True,Independent
O20071115000463,MO,00-17,PART A PROVIDER - RURAL HEALTH CLINIC,1467424788,N,268505,3476456880,WASHINGTON COUNTY MEMORIAL HOSPITAL,AUSTIN PLAZA PRIMARY CARE,,,OTHER,GOVERNMENT ENTITY,N,108 FRIZZELL ST,STE 5,POTOSI,MO,636641593,37.938857555251545,-90.79072138137929,True,MEMORIAL
O20071115000602,MO,00-17,PART A PROVIDER - RURAL HEALTH CLINIC,1598737827,N,263410,3476456880,WASHINGTON COUNTY MEMORIAL HOSPITAL,HEALTHWAY PRIMARY CARE,,,OTHER,GOVERNMENT ENTITY COUNTY HOSPITAL,N,200 HEALTH WAY DR,,POTOSI,MO,636641420,37.94084043517641,-90.78849635061432,True,MEMORIAL
O20071119000612,AR,00-17,PART A PROVIDER - RURAL HEALTH CLINIC,1033100870,N,263405,345140448,PIGGOTT COMMUNITY HOSPITAL,CAMPBELL MEDICAL CLINIC,,,OTHER,HOSPITAL BASED/ CITY OWNED,N,413 W. GRAND AVE.,PIGGOTT COMMUNITY HOSPITAL DBA CAMPBELL MEDICAL CL,CAMPBELL,MO,639330413,36.4933927,-90.0750949,True,Independent
O20071120000588,MO,00-17,PART A PROVIDER - RURAL HEALTH CLINIC,1962529644,N,268603,9436041696,TEXAS COUNTY MEMORIAL HOSPITAL,TCMH CABOOL MEDICAL CLINIC,,,OTHER,GOV'TAL ENTITY-COUNTY FACILITY,N,500 MAIN ST,,CABOOL,MO,656898104,37.12689056286135,-92.10161429477516,True,MEMORIAL
O20071204000194,MO,00-17,PART A PROVIDER - RURAL HEALTH CLINIC,1417049511,N,263425,9830095280,NEVADA CITY HOSPITAL,NRMC RICH HILL FAMILY MEDICAL CLINIC,1994-07-07,MO,OTHER,INDEPENDENT AND FINANCIALLY SELF-DEPENDENT,N,320 N 14TH ST,,RICH HILL,MO,647792145,38.0964191,-94.3610616,True,Independent
O20071204000576,MO,00-17,PART A PROVIDER - RURAL HEALTH CLINIC,1437251634,N,268537,8426024159,PEMISCOT COUNTY MEMORIAL HOSPITAL,DOCTORS CLINIC,,,OTHER,COUNTY GOVERNMENT OWNED,N,106 W 12TH STREET,,CARUTHERSVILLE,MO,638301890,36.191663,-89.6548449,True,MEMORIAL
O20071204000735,MO,00-17,PART A PROVIDER - RURAL HEALTH CLINIC,1518065291,N,263434,8426024159,PEMISCOT COUNTY MEMORIAL HOSPITAL,PEMISCOT PRIMARY CARE CENTER,,,OTHER,COUNTY GOVERNMENT OWNED,N,907 E REED ST,,HAYTI,MO,638511242,36.2367,-89.7545,True,MEMORIAL
O20071217000346,MO,00-17,PART A PROVIDER - RURAL HEALTH CLINIC,1730215195,N,263438,3870491863,OZARKS MEDICAL CENTER,OZARKS HEALTHCARE THAYER,1985-01-11,MO,CORPORATION,,N,1375 NETTLETON AVE,,THAYER,MO,657918740,36.52451909288139,-91.54497735134626,True,Independent
O20080104000590,MO,00-17,PART A PROVIDER - RURAL HEALTH CLINIC,1922032549,N,263498,2567351570,JOHN FITZGIBBON MEMORIAL HOSPITAL INC.,GRAND RIVER MEDICAL CENTER,,MO,CORPORATION,,N,815 E BROADWAY ST,,BRUNSWICK,MO,652361468,39.4233577,-93.1304782,True,MEMORIAL
O20080118000468,MO,00-17,PART A PROVIDER - RURAL HEALTH CLINIC,1912926429,N,268513,1254236300,HANNIBAL REGIONAL HEALTHCARE SYSTEM INC,MONROE CITY FAMILY PRACTICE,1965-08-06,MO,CORPORATION,,N,821 US HWY 24 AND 36 E,,MONROE CITY,MO,634561470,39.64866118247476,-91.73395844840051,True,HANNIBAL
O20080118000489,MO,00-17,PART A PROVIDER - RURAL HEALTH CLINIC,1174542682,N,268512,1254236300,HANNIBAL REGIONAL HEALTHCARE SYSTEM INC,SHELBINA FAMILY PRACTICE,,,CORPORATION,,N,400 SOUTH CENTER ST,,SHELBINA,MO,634681404,39.69600314339196,-92.04614470104694,True,HANNIBAL
O20080118000508,MO,00-17,PART A PROVIDER - RURAL HEALTH CLINIC,1063431575,N,263984,1254236300,HANNIBAL REGIONAL HEALTHCARE SYSTEM INC,CANTON-LAGRANGE FAMILY PRACTICE,1965-08-06,MO,CORPORATION,,N,1802 ELM ST,,CANTON,MO,634351694,40.13970688551639,-91.51031531805832,True,HANNIBAL
O20080123000715,MO,00-17,PART A PROVIDER - RURAL HEALTH CLINIC,1508070269,N,263976,4183528169,CITIZENS MEMORIAL HEALTHCARE,HUMANSVILLE FAMILY MEDICAL CENTER,,,OTHER,HOSP DIST/TAX EXEMPT,N,201 S ARTHUR ST,,HUMANSVILLE,MO,656748400,37.79191740229723,-93.57557199398396,True,MEMORIAL
O20080125000443,MO,00-17,PART A PROVIDER - RURAL HEALTH CLINIC,1740494541,N,268552,4183528169,CITIZENS MEMORIAL HEALTHCARE,PLEASANT HOPE FAMILY MEDICAL CENTER,,,OTHER,HOSPITAL DISTRICT,N,209 S MAIN ST,,PLEASANT HOPE,MO,657258121,37.463098,-93.2726904,True,MEMORIAL
O20080125000496,MO,00-17,PART A PROVIDER - RURAL HEALTH CLINIC,1831303502,N,268553,4183528169,CITIZENS MEMORIAL HEALTHCARE,BUTTERFIELD PARK MEDICAL CENTER,,,OTHER,HOSP DIST/ TAX EXEMPT,N,1300 N OAKLAND AVE,STE A,BOLIVAR,MO,656133008,37.61682112732465,-93.4142515681632,True,MEMORIAL
O20080125000542,MO,00-17,PART A PROVIDER - RURAL HEALTH CLINIC,1699989350,N,263411,4183528169,CITIZENS MEMORIAL HEALTHCARE,DADE COUNTY FAMILY MEDICAL CENTER,,,OTHER,HOSPITAL DISTRICT,N,105 N GRAND ST,STE 2,GREENFIELD,MO,656618198,37.41421463215292,-93.84180380127854,True,MEMORIAL
O20080125000568,MO,00-17,PART A PROVIDER - RURAL HEALTH CLINIC,1447464227,N,263977,4183528169,CITIZENS MEMORIAL HEALTHCARE,STOCKTON FAMILY MEDICAL CENTER,,,OTHER,HOSPITAL DIST/TAX EXEMPT,N,1521 3RD RD,,STOCKTON,MO,657859608,37.70377938876872,-93.79720663522993,True,MEMORIAL
O20080125000584,MO,00-17,PART A PROVIDER - RURAL HEALTH CLINIC,1417161449,N,263471,4183528169,CITIZENS MEMORIAL HEALTHCARE,ASH GROVE FAMILY MEDICAL CENTER,,,OTHER,HOSPITAL DIST/TAX EXEMPT,N,500 N MEDICAL DR,,ASH GROVE,MO,656041005,37.3153257,-93.5852004,True,MEMORIAL
O20080125000591,MO,00-17,PART A PROVIDER - RURAL HEALTH CLINIC,1942414610,N,268554,4183528169,CITIZENS MEMORIAL HEALTHCARE,CMH OB/GYN AND PEDIATRIC CLINIC,,,OTHER,HOSPITAL DISTRICT/TAX EXEMPT,N,1195 N OAKLAND AVE,SUITE 2,BOLIVAR,MO,656138095,37.61820844406198,-93.40998566851896,True,MEMORIAL
O20080125000602,MO,00-17,PART A PROVIDER - RURAL HEALTH CLINIC,1609080571,N,263482,4183528169,CITIZENS MEMORIAL HEALTHCARE,DALLAS COUNTY FAMILY MEDICAL CENTER,,,OTHER,HOSPITAL DIST TAX EXEMPT,N,201 S ASH ST,,BUFFALO,MO,656228674,37.639024107502266,-93.0968573230838,True,MEMORIAL
O20080129000578,MO,00-17,PART A PROVIDER - RURAL HEALTH CLINIC,1558497917,N,263979,3870491863,OZARKS MEDICAL CENTER,OZARKS HEALTHCARE WINONA,1959-03-01,MO,CORPORATION,,N,9104 STATE HIGHWAY 19,,WINONA,MO,655888389,37.00614315042115,-91.32587801892292,True,Independent
O20080129000683,MO,00-17,PART A PROVIDER - RURAL HEALTH CLINIC,1760519029,N,263981,3870491863,OZARKS MEDICAL CENTER,OZARKS HEALTHCARE GAINESVILLE,1959-03-01,MO,CORPORATION,,N,37 MEDICAL DR,,GAINESVILLE,MO,656558133,36.603754950685534,-92.42666007711748,True,Independent
O20080129000728,MO,00-17,PART A PROVIDER - RURAL HEALTH CLINIC,1649306119,N,263484,3870491863,OZARKS MEDICAL CENTER,OZARKS HEALTHCARE WEST PLAINS,1959-03-01,MO,CORPORATION,,N,181 N KENTUCKY AVE,STE 100,WEST PLAINS,MO,657752092,36.727538827311086,-91.8527709540764,True,Independent
O20080130000191,MO,00-17,PART A PROVIDER - RURAL HEALTH CLINIC,1306850698,N,263404,5092622001,CAMERON REGIONAL MEDICAL CENTER INC,HAMILTON FAMILY HEALTH CENTER,1963-06-28,MO,CORPORATION,,N,103 NORTH DAVIS ST,,HAMILTON,MO,646441143,39.7436184,-93.9982743,True,Independent
O20080130000236,MO,00-17,PART A PROVIDER - RURAL HEALTH CLINIC,1740294040,N,263988,5092622001,CAMERON REGIONAL MEDICAL CENTER INC,JAMESPORT OUTREACH CLINIC,1963-06-28,MO,CORPORATION,,N,409 W AUBERRY GRV,,JAMESPORT,MO,646487189,39.9747325,-93.8010538,True,Independent
O20080130000269,MO,00-17,PART A PROVIDER - RURAL HEALTH CLINIC,1275547598,N,263446,5092622001,CAMERON REGIONAL MEDICAL CENTER INC,POLO FAMILY HEALTH CENTER,1963-06-28,MO,CORPORATION,,N,198 N MAIN ST,,POLO,MO,646719780,39.5522306,-94.0407733,True,Independent
O20080130000696,MO,00-17,PART A PROVIDER - RURAL HEALTH CLINIC,1588791842,N,268523,3870491863,OZARKS MEDICAL CENTER,OZARKS HEALTHCARE ALTON,1959-03-01,MO,CORPORATION,,N,100 MEDICAL DRIVE,BOX 468,ALTON,MO,656060468,38.894894777561234,-90.1796407866918,True,Independent
O20080228000268,MO,00-17,PART A PROVIDER - RURAL HEALTH CLINIC,1114005451,N,263496,5092624320,SKAGGS COMMUNITY HOSPITAL ASSOCIATION,COXHEALTH FAMILY MEDICINE & OBSTETRICS,1940-01-01,MO,CORPORATION,,N,525 BRANSON LANDING BLVD STE 508,,BRANSON,MO,656162052,36.64720146412973,-93.21608381280063,True,Independent
O20080229000186,MO,00-17,PART A PROVIDER - RURAL HEALTH CLINIC,1629156971,N,268595,5092624320,SKAGGS COMMUNITY HOSPITAL ASSOCIATION,COXHEALTH BRANSON HILLS CLINIC,1940-01-01,MO,CORPORATION,,N,1601 BRANSON HILLS PKWY,STE 100,BRANSON,MO,656169908,36.6446062919145,-93.21908520499878,True,Independent
O20080609000770,MO,00-17,PART A PROVIDER - RURAL HEALTH CLINIC,1407865132,N,268530,8224940366,SCOTLAND COUNTY MEMORIAL HOSPITAL,LANCASTER MEDICAL SERVICES,,,OTHER,CRITICAL ACCESS HOSPITAL,N,404 N US HIGHWAY 63,,LANCASTER,MO,635481076,40.51694479116865,-92.52886936423396,True,MEMORIAL
O20080611000083,MO,00-17,PART A PROVIDER - RURAL HEALTH CLINIC,1205844982,N,268518,8224940366,SCOTLAND COUNTY MEMORIAL HOSPITAL,MEMPHIS MEDICAL SERVICES,,,OTHER,POLITICAL SUBDIVISION,N,450 E SIGLER AVE,STE A,MEMPHIS,MO,635551726,40.45565970264611,-92.16774326473283,True,MEMORIAL
O20080611000137,MO,00-17,PART A PROVIDER - RURAL HEALTH CLINIC,1528077534,N,268519,8224940366,SCOTLAND COUNTY MEMORIAL HOSPITAL,WYACONDA MEDICAL SERVICES,,,OTHER,POLITICAL SUBDIVISION,N,124 W JEFFERSON ST,BOX 317,WYACONDA,MO,634740317,40.3897603,-91.9271168,True,MEMORIAL
O20080625000575,MO,00-17,PART A PROVIDER - RURAL HEALTH CLINIC,1730238551,N,268622,3274432802,STE GENEVIEVE COUNTY MEMORIAL HOSPITAL,APPLE KIDS PEDIATRICS,1969-04-01,MO,OTHER,POLITICAL SUBDIVISION,N,590 PINE DR,,STE GENEVIEVE,MO,636701456,37.97849589124934,-90.03981719229186,True,MEMORIAL
O20080626000458,MO,00-17,PART A PROVIDER - RURAL HEALTH CLINIC,1992875249,N,268623,3274432802,STE GENEVIEVE COUNTY MEMORIAL HOSPITAL,WOMEN'S HEALTH CENTER,1969-04-01,MO,OTHER,POLITICAL SUBDIVISION,N,800 STE GENEVIEVE DR,,STE GENEVIEVE,MO,636701434,37.97734143178193,-90.03728018049662,True,MEMORIAL
O20080825000443,MO,00-17,PART A PROVIDER - RURAL HEALTH CLINIC,1235135682,N,263875,4486729563,"DIXON FAMILY PRACTICE AND INTERNAL MEDICINE, LLC",,1997-07-01,MO,LLC,,P,206 W 2ND ST,,DIXON,MO,654598048,37.9917061,-92.0937783,True,Independent
O20080826000242,MO,00-17,PART A PROVIDER - RURAL HEALTH CLINIC,1447412770,N,268630,9436041696,TEXAS COUNTY MEMORIAL HOSPITAL,TCMH FAMILY CLINIC - LICKING,,,OTHER,COUNTY FACILITY - GOV''T ENTITY,N,139 W HIGHWAY 32,,LICKING,MO,655429898,37.50108071189629,-91.85836892857304,True,MEMORIAL
O20081022000544,MO,00-17,PART A PROVIDER - RURAL HEALTH CLINIC,1841463551,N,268626,8426024159,PEMISCOT COUNTY MEMORIAL HOSPITAL,BOOTHEEL PRIMARY CARE - CARUTHERSVILLE,,,OTHER,COUNTY GOVERNMENT OWNED,N,1502 WARD AVE,,CARUTHERSVILLE,MO,638302571,36.191663,-89.6548449,True,MEMORIAL
O20081029000377,MO,00-17,PART A PROVIDER - RURAL HEALTH CLINIC,1457480188,N,263840,7416865845,MERCY CLINIC SPRINGFIELD COMMUNITIES,MERCY CLINIC FAMILY MEDICINE - MOUNTAIN GROVE,2000-09-01,MO,CORPORATION,,N,120 W 16TH ST,,MOUNTAIN GROVE,MO,657111039,37.126368894950694,-92.2672161234546,True,MERCY
O20081110000109,MO,00-17,PART A PROVIDER - RURAL HEALTH CLINIC,1174789549,N,268635,1355252891,MISSOURI DELTA MEDICAL CENTER,SMITH STREET CLINIC,1942-03-30,MO,CORPORATION,,N,123 SMITH AVE,,SIKESTON,MO,638015239,36.87976561167578,-89.58746305133089,True,Independent
O20090203000605,MO,00-17,PART A PROVIDER - RURAL HEALTH CLINIC,1871593905,N,268921,5698839801,LORNA A TURNAGE,A PLUS FAMILY CLINIC,,,SOLE PROPRIETOR,,P,203 E 3RD ST,,PORTAGEVILLE,MO,638731401,36.4292995,-89.7012995,True,Independent
O20090205000610,MO,00-17,PART A PROVIDER - RURAL HEALTH CLINIC,1134363930,N,268632,5092622001,CAMERON REGIONAL MEDICAL CENTER INC,GALLATIN FAMILY MEDICINE CLINIC,1963-06-28,MO,CORPORATION,,N,502 S MAIN ST,,GALLATIN,MO,646401435,39.9148326,-93.9622221,True,Independent
O20090303000002,MO,00-17,PART A PROVIDER - RURAL HEALTH CLINIC,1568434520,N,263970,7618033473,AUSTIN R. TINSLEY,TINSLEY MEDICAL CLINIC,,,SOLE PROPRIETOR,,P,2400 LUCY LEE PKWY,A,POPLAR BLUFF,MO,639012427,36.757576549701334,-90.3948449683138,True,Independent
O20090420000100,MO,00-17,PART A PROVIDER - RURAL HEALTH CLINIC,1124030424,N,263468,8123015518,PIKE COUNTY MEMORIAL HOSPITAL,PCMH CLINIC,,,OTHER,HOSPITAL OWNED RURAL HEALTH CLINIC,N,1015 W ADAMS ST,,BOWLING GREEN,MO,633341974,39.34638425209378,-91.19720790459768,True,MEMORIAL
O20090602000035,MO,00-17,PART A PROVIDER - RURAL HEALTH CLINIC,1952437675,N,263918,7416865845,MERCY CLINIC SPRINGFIELD COMMUNITIES,MERCY CLINIC FAMILY MEDICINE-BRANSON WEST,2000-09-01,MO,CORPORATION,,N,18598 BUSINESS 13,,BRANSON WEST,MO,657379659,36.64102312677061,-93.3164315974588,True,MERCY
O20090602000202,MO,00-17,PART A PROVIDER - RURAL HEALTH CLINIC,1821243981,N,268634,7012801129,SALEM MEMORIAL HOSPITAL,SMDH FAMILY MEDICINE,,MO,OTHER,POLITICAL SUBDIVISION,N,35629 HIGHWAY 72 BLDG 3,,SALEM,MO,655607217,38.62415630573078,-88.94395349815012,True,MEMORIAL
O20090602000447,MO,00-17,PART A PROVIDER - RURAL HEALTH CLINIC,1497887848,N,263909,7416865845,MERCY CLINIC SPRINGFIELD COMMUNITIES,MERCY CLINIC FAMILY MEDICINE- CASSVILLE,2000-09-01,MO,CORPORATION,,N,92 MAIN ST,,CASSVILLE,MO,656251610,36.67793528748234,-93.87040462868733,True,MERCY
O20090603000059,MO,00-17,PART A PROVIDER - RURAL HEALTH CLINIC,1851427785,N,263900,7416865845,MERCY CLINIC SPRINGFIELD COMMUNITIES,MERCY CLINIC FAMILY MEDICINE-EL DORADO SPRINGS,2000-09-01,MO,CORPORATION,,N,309E HOSPITAL RD,,EL DORADO SPRINGS,MO,647442021,37.8769799,-94.0213303,True,MERCY
O20090603000096,MO,00-17,PART A PROVIDER - RURAL HEALTH CLINIC,1770612590,N,263831,7416865845,MERCY CLINIC SPRINGFIELD COMMUNITIES,MERCY CLINIC PEDIATRICS-LEBANON,2000-09-01,MO,CORPORATION,,N,120 HOSPITAL DR,STE 350,LEBANON,MO,655369253,37.67961294509556,-92.66262019948476,True,MERCY
O20090603000136,MO,00-17,PART A PROVIDER - RURAL HEALTH CLINIC,1629103502,N,263921,7416865845,MERCY CLINIC SPRINGFIELD COMMUNITIES,MERCY CLINIC FAMILY MEDICINE-BUFFALO,2000-09-01,MO,CORPORATION,,N,118W DALLAS ST,,BUFFALO,MO,656228669,37.639159386543426,-93.09110134037276,True,MERCY
O20090603000218,MO,00-17,PART A PROVIDER - RURAL HEALTH CLINIC,1447389127,N,263814,7416865845,MERCY CLINIC SPRINGFIELD COMMUNITIES,MERCY CLINIC-LEBANON-FAMILY MEDICINE,2000-09-01,MO,CORPORATION,,N,120 HOSPITAL DR,STE 100,LEBANON,MO,655369227,37.67789399529932,-92.66160104458017,True,MERCY
O20090604000143,MO,00-17,PART A PROVIDER - RURAL HEALTH CLINIC,1972635639,N,263934,7416865845,MERCY CLINIC SPRINGFIELD COMMUNITIES,MERCY CLINIC FAMILY MEDICINE-RICHLAND,1990-10-23,MO,CORPORATION,,N,904S PINE ST,,RICHLAND,MO,655567393,37.8569838,-92.4043396,True,MERCY
O20090616000612,MO,00-17,PART A PROVIDER - RURAL HEALTH CLINIC,1235204702,N,268536,5496669962,HERMANN AREA HOSPITAL DISTRICT,MEDICAL CLINIC OF OWENSVILLE,,,OTHER,POLITICAL SUBDIVISION HOSPITAL DISTRICT,N,708 E HIGHWAY 28,,OWENSVILLE,MO,650661588,38.3456023,-91.5015487,True,Independent
O20091005000662,MO,00-17,PART A PROVIDER - RURAL HEALTH CLINIC,1700895711,N,268637,3971495532,SAINT LUKE'S HOSPITAL OF TRENTON,WRIGHT MEMORIAL PHYSICIANS GROUP,,,CORPORATION,,N,189 IOWA BLVD,,TRENTON,MO,646838343,40.081963300887544,-93.61705771961766,True,Independent
O20091006000058,MO,00-17,PART A PROVIDER - RURAL HEALTH CLINIC,1184658387,N,268647,3274432802,STE GENEVIEVE COUNTY MEMORIAL HOSPITAL,BLOOMSDALE FAMILY HEALTH CARE,1969-04-01,MO,OTHER,POLITICAL SUBDIVISION,N,255 BODERMAN,,BLOOMSDALE,MO,636279099,38.0094981,-90.2178964,True,MEMORIAL
O20091008000706,MO,00-17,PART A PROVIDER - RURAL HEALTH CLINIC,1073799367,N,268642,941207526,IRON COUNTY HOSPITAL DISTRICT,IRON COUNTY HOSPITAL FAMILY CARE CLINIC,,,OTHER,GOVERNMENT,N,301 N HWY 21,,PILOT KNOB,MO,636630329,37.6211611,-90.6404007,True,Independent
O20091012000205,MO,00-17,PART A PROVIDER - RURAL HEALTH CLINIC,1205064532,N,268650,3476456880,WASHINGTON COUNTY MEMORIAL HOSPITAL,WCMH URGENT CARE CLINIC,,,OTHER,GOVERNMENT ENTITY,N,300 HEALTH WAY DR,,POTOSI,MO,636641420,37.937654822891645,-90.7869894432524,True,MEMORIAL
O20091012000272,MO,00-17,PART A PROVIDER - RURAL HEALTH CLINIC,1285775858,N,268520,7810973252,SULLIVAN COUNTY MEMORIAL HOSPITAL,SULLIVAN COUNTY MEMORIAL HOSPITAL,,,OTHER,COUNTY OWNED,N,630 W 3RD ST,,MILAN,MO,635561076,40.20515532850984,-93.12593888040983,True,MEMORIAL
O20091124000739,MO,00-17,PART A PROVIDER - RURAL HEALTH CLINIC,1649504309,N,268640,4183528169,CITIZENS MEMORIAL HEALTHCARE,CMH WALK-IN CLINIC,,,OTHER,HOSPITAL DISTRICT,N,2230 S SPRINGFIELD AVE,STE H-J,BOLIVAR,MO,656139141,37.61279246954775,-93.41542447627474,True,MEMORIAL
O20091201000040,MO,00-17,PART A PROVIDER - RURAL HEALTH CLINIC,1578797494,N,268667,8123937356,BATES COUNTY MEMORIAL HOSPITAL,FAMILY CARE CLINIC ADRIAN,,,OTHER,COUNTY FACILITY,N,102 W MAIN ST,,ADRIAN,MO,647209207,38.397518,-94.3516159,True,MEMORIAL
O20091229000569,MO,00-17,PART A PROVIDER - RURAL HEALTH CLINIC,1750457149,N,263420,5496641896,NORTHWEST MEDICAL CENTER ASSOCIATION INC,MOSAIC FAMILY CARE STANBERRY,1954-06-24,MO,OTHER,501(C)(3),N,202 E MAIN ST,,STANBERRY,MO,644891358,40.215264791429895,-94.53404427470056,True,Independent
O20100108000705,MO,00-17,PART A PROVIDER - RURAL HEALTH CLINIC,1669606588,Y,268606,8123937356,BATES COUNTY MEMORIAL HOSPITAL,FAMILY CARE CLINIC NURSERY,,,OTHER,COUNTY FACILITY,N,617 W NURSERY ST,,BUTLER,MO,647301840,38.26137346127325,-94.32949785595184,True,MEMORIAL
O20100111000147,MO,00-17,PART A PROVIDER - RURAL HEALTH CLINIC,1205162732,N,268506,8820139587,MERCY HOSPITAL JOPLIN,MERCY HOSPITAL JOPLIN NEOSHO,2009-08-21,MO,CORPORATION,,N,2550 LUSK DR,,NEOSHO,MO,648508855,36.86732537409593,-94.36394772435844,True,MERCY
O20100205000669,MO,00-17,PART A PROVIDER - RURAL HEALTH CLINIC,1124125539,N,263495,7911915327,PUTNAM COUNTY MEMORIAL HOSPITAL,PUTNAM COUNTY MEMORIAL HOSPITAL RURAL HEALTH CLINIC,,,OTHER,COUNTY,N,1926 OAK ST,,UNIONVILLE,MO,635651180,40.47799539219518,-92.99005375276823,True,MEMORIAL
O20100212000705,MO,00-17,PART A PROVIDER - RURAL HEALTH CLINIC,1801817416,N,268580,3274432802,STE GENEVIEVE COUNTY MEMORIAL HOSPITAL,FAMILY HEALTH CARE POINTE BASSE,1969-04-01,MO,OTHER,POLITICAL SUBDIVISION,N,753 POINTE BASSE DR,,SAINTE GENEVIEVE,MO,636701820,37.88958,-90.1856637,True,MEMORIAL
O20100219000232,MO,00-17,PART A PROVIDER - RURAL HEALTH CLINIC,1811065477,N,263806,7416865845,MERCY CLINIC SPRINGFIELD COMMUNITIES,MERCY CLINIC - BIRCH TREE,2000-09-01,MO,CORPORATION,,N,9138 OBANION ST,,BIRCH TREE,MO,654388485,36.99200109552276,-91.4952521554698,True,MERCY
O20100225000467,MO,00-17,PART A PROVIDER - RURAL HEALTH CLINIC,1568692788,N,268651,3476456880,WASHINGTON COUNTY MEMORIAL HOSPITAL,POTOSI RURAL HEALTH CLINIC,,,OTHER,GOVERNMENT ENTITY,N,1 KWAN PLZ,,POTOSI,MO,636641435,37.93350113874878,-90.78534467735176,True,MEMORIAL
O20100309000788,MO,00-17,PART A PROVIDER - RURAL HEALTH CLINIC,1427385517,N,268645,9830095280,NEVADA CITY HOSPITAL,NRMC NOWCARE CLINIC,2010-03-09,MO,OTHER,HOSPITAL OWNED RHC,N,345 S BARRETT LN,STE 2,NEVADA,MO,647724256,37.834326200793605,-94.359001928165,True,Independent
O20100319000341,MO,00-17,PART A PROVIDER - RURAL HEALTH CLINIC,1811062375,N,263449,5496669962,HERMANN AREA HOSPITAL DISTRICT,ASSOCIATED MEDICAL ARTS,,,OTHER,POLITICAL SUBDIVISION HOSPITAL DISTRICT,N,504 NORTH STURGEON STREET,,MONTGOMERY CITY,MO,633611829,38.9775406,-91.5048844,True,Independent
O20100422000371,MO,00-17,PART A PROVIDER - RURAL HEALTH CLINIC,1902851843,N,268646,8123937356,BATES COUNTY MEMORIAL HOSPITAL,FAMILY CARE CLINIC HIGH,,,OTHER,COUNTY HOSPITAL,N,706 S HIGH ST,,BUTLER,MO,647301833,38.25935151303023,-94.33488216577048,True,MEMORIAL
O20100505000258,MO,00-17,PART A PROVIDER - RURAL HEALTH CLINIC,1265754501,N,268653,9436041696,TEXAS COUNTY MEMORIAL HOSPITAL,TCMH MOUNTAIN GROVE CLINIC,,,OTHER,GOV'TAL ENTITY-COUNTY FACILITY,N,1905 W 19TH ST,,MOUNTAIN GROVE,MO,657111287,37.13081107698377,-92.26188352984688,True,MEMORIAL
O20100525000426,MO,00-17,PART A PROVIDER - RURAL HEALTH CLINIC,1437265311,N,263460,8123015518,PIKE COUNTY MEMORIAL HOSPITAL,EASTERN MISSOURI HEALTH SERVICES,,,OTHER,HOSPITAL OWNED RHC,N,2305 GEORGIA ST,,LOUISIANA,MO,633532559,39.444880264391585,-91.05151776473691,True,MEMORIAL
O20100615000060,MO,00-17,PART A PROVIDER - RURAL HEALTH CLINIC,1881608685,N,263474,7315841129,CEDAR COUNTY MEMORIAL HOSPITAL,CCMH MEDICAL MALL CLINIC,,,OTHER,COUNTY OWNED,N,1317 S STATE HIGHWAY 32,,EL DORADO SPRINGS,MO,647442302,37.8769799,-94.0213303,True,MEMORIAL
O20100617000860,MO,00-17,PART A PROVIDER - RURAL HEALTH CLINIC,1790855401,N,263492,1355252891,MISSOURI DELTA MEDICAL CENTER,COMMUNITY CARE CENTER,,,CORPORATION,,N,1403 E MARSHALL ST,,CHARLESTON,MO,638341446,35.29218619220379,-94.03681102133608,True,Independent
O20100622000258,MO,00-17,PART A PROVIDER - RURAL HEALTH CLINIC,1013236421,N,268652,1355252891,MISSOURI DELTA MEDICAL CENTER,WOMEN'S CARE CENTER,,,CORPORATION,,N,1013 N MAIN ST,,SIKESTON,MO,638015043,36.875318992136094,-89.58965819516641,True,Independent
O20100701000394,MO,00-17,PART A PROVIDER - RURAL HEALTH CLINIC,1154656940,N,268917,9638088172,BRIDGES MEDICAL SERVICES PC,BRIDGES MEDICAL SERVICES-BRANSON,1999-04-01,MO,CORPORATION,,P,1440 STATE HIGHWAY 248,STE O,BRANSON,MO,656169257,36.64316984838606,-93.21670188750964,True,Independent
O20100701000579,MO,00-17,PART A PROVIDER - RURAL HEALTH CLINIC,1114235041,N,268908,1557454063,PCRMC MEDICAL GROUP INC,PHELPS HEALTH MEDICAL GROUP VIENNA,2007-05-01,MO,CORPORATION,,N,606 HIGHWAY 63 S,STE A,VIENNA,MO,655828101,38.186712,-91.9472969,True,Independent
O20100713000324,MO,00-17,PART A PROVIDER - RURAL HEALTH CLINIC,1134430176,N,268660,1355252891,MISSOURI DELTA MEDICAL CENTER,MISSOURI DELTA PRIMARY CARE,1942-03-13,MO,CORPORATION,,N,102 HOSPITALITY DR,,SIKESTON,MO,638019382,36.871759630294896,-89.58301032739756,True,Independent
O20100804000061,MO,00-17,PART A PROVIDER - RURAL HEALTH CLINIC,1699073122,N,268657,9133024334,SOUTHEAST MISSOURI HOSPITAL PHYSICIANS LLC,MERCY SOUTHEAST PRIMARY CARE WEST,2001-01-18,MO,LLC,,N,817 S MOUNT AUBURN RD,,CAPE GIRARDEAU,MO,637036383,37.30121899264747,-89.51617540889902,True,Independent
O20101102000115,MO,00-17,PART A PROVIDER - RURAL HEALTH CLINIC,1851368153,N,793807,8022202217,DEANNA M SIEMER,JACKSON PRIMARY CARE LLC,2010-12-29,MO,SOLE PROPRIETOR,,P,2685 E MAIN ST,STE A,JACKSON,MO,637552474,37.37855697479983,-89.66146776267786,True,Independent
O20101105000872,MO,00-17,PART A PROVIDER - RURAL HEALTH CLINIC,1902870439,N,263836,749192375,"QUINCY PHYSICIANS & SURGEONS CLINIC, PLLC",QUINCY MEDICAL GROUP CANTON AFFILIATE,1987-01-01,IL,CORPORATION,,P,1100 E OUTER ROAD SOUTH,,CANTON,MO,634351702,40.136282394833664,-91.5052197664232,True,Independent
O20101105001027,MO,00-17,PART A PROVIDER - RURAL HEALTH CLINIC,1528032059,N,263833,749192375,"QUINCY PHYSICIANS & SURGEONS CLINIC, PLLC",QUINCY MEDICAL GROUP LEWISTOWN AFFILIATE,1987-01-01,IL,CORPORATION,,P,105 E QUINCY STREET,,LEWISTOWN,MO,634522560,40.086154,-91.8132225,True,Independent
O20101112000976,MO,00-17,PART A PROVIDER - RURAL HEALTH CLINIC,1831174762,N,263862,6406935808,CAPE GIRARDEAU COUNTY HEALTH DEPARTMENT,CAPE GIRARDEAU COUNTY PUBLIC HEALTH CENTER,,,OTHER,PUBLIC HEALTH CENTER,N,1121 LINDEN STREET,,CAPE GIRARDEAU,MO,637037708,37.30436299687855,-89.51453105398757,True,Independent
O20101116001005,MO,00-17,PART A PROVIDER - RURAL HEALTH CLINIC,1497886451,N,263870,7416865845,MERCY CLINIC SPRINGFIELD COMMUNITIES,MERCY CLINIC -SALEM,2000-09-01,MO,CORPORATION,,N,404W ROLLA RD,,SALEM,MO,655601233,38.63132570600433,-88.94908482972014,True,MERCY
O20101130001200,MO,00-17,PART A PROVIDER - RURAL HEALTH CLINIC,1578682779,N,263926,4587644091,"WOODS MEDICAL CLINIC, LLC",,,,LLC,,P,250 SOUTH HICKMAN,,PUXICO,MO,639609122,36.9486,-90.1597,True,Independent
O20101202000475,MO,00-17,PART A PROVIDER - RURAL HEALTH CLINIC,1003946732,N,263819,7416865845,MERCY CLINIC SPRINGFIELD COMMUNITIES,MERCY CLINIC FAMILY MEDICINE-MOUNTAIN VIEW,2000-09-01,MO,CORPORATION,,N,104 E US HIGHWAY 60,,MOUNTAIN VIEW,MO,655487381,36.99623652825712,-91.7060303989097,True,MERCY
O20101209000237,MO,00-17,PART A PROVIDER - RURAL HEALTH CLINIC,1205154606,N,793811,7113043001,HOLDEN FAMILY CARE LLC,,2010-01-29,MO,LLC,,P,612 E 10TH ST,,HOLDEN,MO,640409421,38.7141778,-93.9913303,True,Independent
O20101209000623,MO,00-17,PART A PROVIDER - RURAL HEALTH CLINIC,1053444000,N,263920,7416865845,MERCY CLINIC SPRINGFIELD COMMUNITIES,MERCY CLINIC FAMILY MEDICINE - SUMMERSVILLE,2000-09-01,MO,CORPORATION,,N,149 ROGERS AVENUE,,SUMMERSVILLE,MO,655710115,37.17572315551485,-91.65656547484768,True,MERCY
O20101220001110,MO,00-17,PART A PROVIDER - RURAL HEALTH CLINIC,1518269257,N,268659,7517853781,CASS REGIONAL MEDICAL CENTER,KINGSVILLE MEDICAL CLINIC,1981-02-05,MO,OTHER,POLITICAL SUBDIVISION,P,305 E PACIFIC ST,,KINGSVILLE,MO,640612512,38.7430659,-94.0699427,True,Independent
O20110512000274,MO,00-17,PART A PROVIDER - RURAL HEALTH CLINIC,1619276367,N,268666,6800894379,JEFFERSON MEDICAL GROUP,JEFFERSON MEDICAL GROUP,,,OTHER,HOSPITAL DISTRICT,N,1502 N JEFFERSON ST,,CARROLLTON,MO,646331948,39.36218082563268,-93.49679272614988,True,Independent
O20110512000437,MO,00-17,PART A PROVIDER - RURAL HEALTH CLINIC,1760772743,N,268665,6800894379,JEFFERSON MEDICAL GROUP,JEFFERSON MEDICAL GROUP HALE CLINIC,,,OTHER,HOSPITAL DISTRICT,N,221 ELM ST,,HALE,MO,646437113,39.6036334,-93.3424307,True,Independent
O20110929000628,MO,00-17,PART A PROVIDER - RURAL HEALTH CLINIC,1154645745,N,268649,4587630926,HARRISON COUNTY COMMUNITY HOSPITAL DISTRICT,HCCH MEDICAL CLINIC,,,OTHER,POLITICAL-SUBDIVISION GOVT ENTITY,N,3202 MILLER ST,,BETHANY,MO,644242713,40.263466366404955,-94.0247843536828,True,Independent
O20111010000546,MO,00-17,PART A PROVIDER - RURAL HEALTH CLINIC,1710004486,N,268535,9436041696,TEXAS COUNTY MEMORIAL HOSPITAL,TCMH INTERNAL MEDICINE,,,OTHER,GOV'TAL ENTITY-COUNTY FACILITY,N,1337 S SAM HOUSTON BLVD,,HOUSTON,MO,654832046,37.328419654237365,-91.9550224135664,True,MEMORIAL
O20111013000158,MO,00-17,PART A PROVIDER - RURAL HEALTH CLINIC,1407141153,N,268668,4183528169,CITIZENS MEMORIAL HEALTHCARE,SOUTHSIDE MEDICAL CENTER,,,OTHER,STATE GOVERNMENT - HOSP DIST,N,1120 S SPRINGFIELD AVE,,BOLIVAR,MO,656132512,37.610527810651305,-93.40801504741827,True,MEMORIAL
O20120214000459,MO,00-17,PART A PROVIDER - RURAL HEALTH CLINIC,1497874119,N,263942,2264699651,SCOTT CITY MEDICAL CLINIC LLC,SCOTT CITY MEDICAL CENTER,,,SOLE PROPRIETOR,,P,2102 MAIN STREET,,SCOTT CITY,MO,637801337,37.22250902846949,-89.5210739203305,True,Independent
O20120302000195,MO,00-17,PART A PROVIDER - RURAL HEALTH CLINIC,1952611436,N,268671,2567351570,JOHN FITZGIBBON MEMORIAL HOSPITAL INC.,AKEMAN MCBURNEY HEALTH CLINIC,1961-04-12,MO,CORPORATION,,N,420 W FRONT ST,,SLATER,MO,653491328,39.2213138,-93.0613025,True,MEMORIAL
O20120305000406,MO,00-17,PART A PROVIDER - RURAL HEALTH CLINIC,1508135005,N,268675,3274517347,KIRKSVILLE MISSOURI HOSPITAL COMPANY LLC,NORTHEAST REGIONAL MEDICAL GROUP,2000-10-06,MO,LLC,,P,1607 S BALTIMORE ST,,KIRKSVILLE,MO,635014536,40.19085717194026,-92.58008503215636,True,Independent
O20120307000670,MO,00-17,PART A PROVIDER - RURAL HEALTH CLINIC,1619245503,N,268674,9133024334,SOUTHEAST MISSOURI HOSPITAL PHYSICIANS LLC,MERCY SOUTHEAST PEDIATRICS,,,LLC,,N,25 DOCTORS PARK,,CAPE GIRARDEAU,MO,637034927,37.30337120613975,-89.52051346511205,True,Independent
O20120413000298,MO,00-17,PART A PROVIDER - RURAL HEALTH CLINIC,1720359243,N,263972,4183885403,"CAPE FAMILY MEDICAL CLINIC, LLC",,2011-09-20,MO,LLC,,P,24 NORTH SPRIGG,,CAPE GIRARDEAU,MO,637015526,37.30492721085067,-89.51865052722168,True,Independent
O20120419000365,MO,00-17,PART A PROVIDER - RURAL HEALTH CLINIC,1245545391,N,268945,4385823335,"APOLLO HEALTHCARE, LLC",,,,LLC,,P,1031 EAST KARSCH BLVD,,FARMINGTON,MO,636403404,37.7815273020485,-90.41788339306518,True,Independent
O20120914000472,MO,00-17,PART A PROVIDER - RURAL HEALTH CLINIC,1467716928,N,268979,7214827922,MERCY CLINIC EAST COMMUNITIES,,,,CORPORATION,,N,1326 S SERVICE RD W,STE 20,SULLIVAN,MO,630802306,38.20785117861656,-91.1575010338699,True,MERCY
O20121004000213,MO,00-17,PART A PROVIDER - RURAL HEALTH CLINIC,1285998724,N,268986,7214827922,MERCY CLINIC EAST COMMUNITIES,,1977-02-07,MO,CORPORATION,,N,301 THERESA STREET,,CUBA,MO,654531636,38.0619,-91.4043,True,MERCY
O20121009000064,MO,00-17,PART A PROVIDER - RURAL HEALTH CLINIC,1285904342,N,268689,8426225251,MERCY HOSPITAL CARTHAGE,MERCY HOSPITAL CARTHAGE-PEDIATRICS,2011-11-02,MO,CORPORATION,,N,1615 HAZEL AVE,,CARTHAGE,MO,648363020,37.17992411032712,-94.30589742756165,True,MERCY
O20121009000229,MO,00-17,PART A PROVIDER - RURAL HEALTH CLINIC,1992074959,N,268688,8426225251,MERCY HOSPITAL CARTHAGE,MERCY HOSPITAL CARTHAGE-WOMEN'S HEALTH,2011-11-02,MO,CORPORATION,,N,3114 MEDICAL PARK DR,,CARTHAGE,MO,648361211,37.17395232270779,-94.31319198838524,True,MERCY
O20121010000452,MO,00-17,PART A PROVIDER - RURAL HEALTH CLINIC,1235493776,N,268984,7214827922,MERCY CLINIC EAST COMMUNITIES,,1997-02-07,MO,CORPORATION,,N,125 NORTH OLD HIGHWAY 66,,BOURBON,MO,654416298,38.1464,-91.2537,True,MERCY
O20121030000308,MO,00-17,PART A PROVIDER - RURAL HEALTH CLINIC,1285995944,N,268682,2860306750,GENERAL JOHN J PERSHING MEMORIAL HOSPITAL ASSOCIATION,MEADVILLE MEDICAL CLINIC,1955-11-01,MO,CORPORATION,,N,101 E HAYWARD ST,,MEADVILLE,MO,646599201,39.786761,-93.3014659,True,MEMORIAL
O20121030000465,MO,00-17,PART A PROVIDER - RURAL HEALTH CLINIC,1881965267,N,268676,6800707225,POPLAR BLUFF REGIONAL MEDICAL CENTER LLC,POPLAR BLUFF MEDICAL CLINIC,2009-04-14,MO,LLC,,P,2588 N WESTWOOD BLVD,,POPLAR BLUFF,MO,639012339,36.76059048230172,-90.3949220844671,True,Independent
O20121121000035,MO,00-17,PART A PROVIDER - RURAL HEALTH CLINIC,1659327393,N,268678,8921917352,SSM REGIONAL HEALTH SERVICES,SSM HEALTH MEDICAL GROUP FAMILY MEDICINE,1965-08-04,MO,CORPORATION,,N,100 HIGHWAY 28 E,,BELLE,MO,650133405,38.2856893,-91.7225073,True,SSM
O20130219000067,MO,00-17,PART A PROVIDER - RURAL HEALTH CLINIC,1457660045,N,268658,7315192515,SOUTHEAST HEALTH CENTER OF STODDARD COUNTY LLC,MERCY HOSPITAL STODDARD,2012-11-30,MO,LLC,,N,2025 W BUSINESS US HIGHWAY 60,,DEXTER,MO,638412879,36.79385824799051,-89.95880118802582,True,Independent
O20130219000154,MO,00-17,PART A PROVIDER - RURAL HEALTH CLINIC,1790828812,N,268570,7315192515,SOUTHEAST HEALTH CENTER OF STODDARD COUNTY LLC,MERCY HOSPITAL STODDARD,2012-11-30,MO,LLC,,N,1200 N ONE MILE RD,,DEXTER,MO,638411000,36.796369060677776,-89.95490329844625,True,Independent
O20130219000301,MO,00-17,PART A PROVIDER - RURAL HEALTH CLINIC,1316240096,N,268661,7315192515,SOUTHEAST HEALTH CENTER OF STODDARD COUNTY LLC,MERCY HOSPITAL STODDARD,2012-11-30,MO,LLC,,N,500 N DOUGLASS ST,,MALDEN,MO,638631506,36.5573,-89.9665,True,Independent
O20130219000420,MO,00-17,PART A PROVIDER - RURAL HEALTH CLINIC,1265575385,N,268587,7315192515,SOUTHEAST HEALTH CENTER OF STODDARD COUNTY LLC,MERCY HOSPITAL STODDARD,2012-11-30,MO,LLC,,N,1003 STATE ROUTE 25 N,,BLOOMFIELD,MO,638259382,36.88170008297439,-89.9299209725941,True,Independent
O20130517000536,MO,00-17,PART A PROVIDER - RURAL HEALTH CLINIC,1568703130,N,268698,1355252891,MISSOURI DELTA MEDICAL CENTER,PORTAGEVILLE COMMUNITY CARE CENTER,1942-03-26,MO,CORPORATION,,N,204 E 3RD ST,,PORTAGEVILLE,MO,638731402,36.4292995,-89.7012995,True,Independent
O20130725000204,MO,00-17,PART A PROVIDER - RURAL HEALTH CLINIC,1518008218,N,268718,7810973252,SULLIVAN COUNTY MEMORIAL HOSPITAL,SULLIVAN COUNTY MEMORIAL HOSPITAL GREEN CITY CLINIC,,,OTHER,COUNTY GOVERNMENT,N,18 W 3RD ST,,GREEN CITY,MO,635451361,40.268655,-92.953262,True,MEMORIAL
O20130812000856,MO,00-17,PART A PROVIDER - RURAL HEALTH CLINIC,1316205206,N,793833,3779735329,THEODOSIA FAMILY MEDICAL CLINIC LLC,THEODOSIA FAMILY MEDICAL CLINIC LLC,2012-04-20,MO,LLC,,P,4900 US HIGHWAY 160,STE 2,THEODOSIA,MO,657616539,36.5828412,-92.6760005,True,Independent
O20130913000717,MO,00-17,PART A PROVIDER - RURAL HEALTH CLINIC,1679820286,N,268683,7315192515,SOUTHEAST HEALTH CENTER OF STODDARD COUNTY LLC,MERCY HOSPITAL STODDARD,2012-11-30,MO,LLC,,N,810 N WALNUT ST,,BERNIE,MO,638228901,36.6689446,-89.9687021,True,Independent
O20131115001582,MO,00-17,PART A PROVIDER - RURAL HEALTH CLINIC,1063588960,N,268694,4183528169,CITIZENS MEMORIAL HEALTHCARE,BOLIVAR FAMILY CARE CENTER,,,OTHER,HOSPITAL DISTRICT,N,1240 N BUTTERFIELD RD,,BOLIVAR,MO,656133016,37.617747184192766,-93.40932565676287,True,MEMORIAL
O20131127000843,MO,00-17,PART A PROVIDER - RURAL HEALTH CLINIC,1346599230,N,268702,5496641896,NORTHWEST MEDICAL CENTER ASSOCIATION INC,MOSAIC FAMILY CARE NEW HAMPTON,1954-06-24,MO,OTHER,501(C)(3),N,304 E LINCOLN WAY,,NEW HAMPTON,MO,644710222,40.263609,-94.1960659,True,Independent
O20131205001860,MO,00-17,PART A PROVIDER - RURAL HEALTH CLINIC,1659700813,N,268700,5092622001,CAMERON REGIONAL MEDICAL CENTER INC,EAGLEVILLE MEDICAL CLINIC,1963-06-28,MO,CORPORATION,,N,12050 12TH ST,,EAGLEVILLE,MO,644428158,40.4691664,-93.9871736,True,Independent
O20140103000936,MO,00-17,PART A PROVIDER - RURAL HEALTH CLINIC,1104912997,N,268545,3779479019,MERCY HOSPITALS EAST COMMUNITIES,MERCY HOSPITAL WASHINGTON MCAULEY CLINIC,,,CORPORATION,,N,851 E 5TH ST,,WASHINGTON,MO,630903135,37.9559513,-90.879099,True,MERCY
O20140214000218,MO,00-17,PART A PROVIDER - RURAL HEALTH CLINIC,1043631203,N,268722,4284624552,FREEMAN NEOSHO HOSPITAL,FREEMAN NEOSHO PHYSICIAN GROUP,,,CORPORATION,,N,336 S JEFFERSON ST,,NEOSHO,MO,648501769,36.86815101486151,-94.37009007401164,True,FREEMAN
O20140331001019,MO,00-17,PART A PROVIDER - RURAL HEALTH CLINIC,1245520691,Y,268709,9133026776,LAKE REGIONAL HEALTH SYSTEM,LAKE REGIONAL CLINIC-OSAGE BEACH,1995-12-22,MO,CORPORATION,,N,1057 MEDICAL PARK DR,STE A,OSAGE BEACH,MO,650653000,38.155117004302255,-92.61878874147484,True,Independent
O20140401000871,MO,00-17,PART A PROVIDER - RURAL HEALTH CLINIC,1891018784,Y,268710,9133026776,LAKE REGIONAL HEALTH SYSTEM,LAKE REGIONAL CLINIC-IBERIA,1995-12-22,MO,CORPORATION,,N,2333 HIGHWAY 17,,IBERIA,MO,654869331,38.0903154,-92.2926747,True,Independent
O20140403001063,MO,00-17,PART A PROVIDER - RURAL HEALTH CLINIC,1437440856,Y,268707,9133026776,LAKE REGIONAL HEALTH SYSTEM,LAKE REGIONAL CLINIC CAMDENTON,1995-12-22,MO,CORPORATION,,N,1930 N BUSINESS ROUTE 5 1A,,CAMDENTON,MO,650202659,38.00429141729438,-92.74762029488814,True,Independent
O20140407000623,MO,00-17,PART A PROVIDER - RURAL HEALTH CLINIC,1700177128,Y,268711,9133026776,LAKE REGIONAL HEALTH SYSTEM,LAKE REGIONAL CLINIC-LAKE OZARK,,,CORPORATION,,N,1870 BAGNELL DAM BLVD,,LAKE OZARK,MO,650498658,38.1798796,-92.6226454,True,Independent
O20140409000194,MO,00-17,PART A PROVIDER - RURAL HEALTH CLINIC,1386985521,N,268695,5092616276,SGOH ACQUISITION INC,OCH MCDONALD COUNTY CLINIC,1991-08-21,MO,CORPORATION,,N,125 MAIN STREET,,NOEL,MO,648549124,36.54868499447036,-94.48633409580624,True,Independent
O20140424001233,MO,00-17,PART A PROVIDER - RURAL HEALTH CLINIC,1972944593,N,268699,1355252891,MISSOURI DELTA MEDICAL CENTER,NEW MADRID COMMUNITY CARE CENTER,1966-01-01,MO,CORPORATION,,N,615 MAIN ST,,NEW MADRID,MO,638691513,36.5749606,-89.6780945,True,Independent
O20140428000494,MO,00-17,PART A PROVIDER - RURAL HEALTH CLINIC,1427162254,Y,268708,9133026776,LAKE REGIONAL HEALTH SYSTEM,LAKE REGIONAL CLINIC-LAURIE,,,CORPORATION,,N,156 MISSOURI BLVD,STE B,GRAVOIS MILLS,MO,650375394,38.3083615,-92.8254697,True,Independent
O20140501000205,MO,00-17,PART A PROVIDER - RURAL HEALTH CLINIC,1053427492,Y,268705,9133026776,LAKE REGIONAL HEALTH SYSTEM,LAKE REGIONAL CLINIC-ELDON,,,CORPORATION,,N,304A E 4TH ST,,ELDON,MO,650261808,38.3450863802524,-92.57853199958498,True,Independent
O20140507000001,MO,00-17,PART A PROVIDER - RURAL HEALTH CLINIC,1851713580,N,268715,9436052230,MOBERLY HOSPITAL COMPANY LLC,CHARITON VALLEY FAMILY MEDICINE,2007-10-29,DE,LLC,,P,413 W 2ND ST,,SALISBURY,MO,652811405,39.4239175,-92.8015773,True,Independent
O20140623001891,MO,00-17,PART A PROVIDER - RURAL HEALTH CLINIC,1588601777,N,268703,8921917352,SSM REGIONAL HEALTH SERVICES,SSM HEALTH MEDICAL GROUP FAMILY MEDICINE,1965-08-04,MO,CORPORATION,,N,875 STATE ROUTE 5,,TIPTON,MO,650818441,38.65671771715502,-92.77671372289356,True,SSM
O20140826000783,MO,00-17,PART A PROVIDER - RURAL HEALTH CLINIC,1114348083,N,268714,4587630926,HARRISON COUNTY COMMUNITY HOSPITAL DISTRICT,NORTH HARRISON MEDICAL CLINIC,,,OTHER,GOV'T ENTITY - HOSPITAL DISTRICT,N,16027 LOCUST ST,,EAGLEVILLE,MO,644427130,40.4691664,-93.9871736,True,Independent
O20140908000899,MO,00-17,PART A PROVIDER - RURAL HEALTH CLINIC,1124437918,N,268725,4688561814,GOLDEN VALLEY MEMORIAL HOSPITAL DISTRICT,GOLDEN VALLEY MEDICAL - OSCEOLA,,,OTHER,DISTRICT OWNED HOSPITAL,N,675 3RD ST,,OSCEOLA,MO,647762934,38.0469778,-93.7035287,True,MEMORIAL
O20141031000990,MO,00-17,PART A PROVIDER - RURAL HEALTH CLINIC,1831515907,N,793835,3678704764,"MARBLE HILL MEDICAL CLINIC, LLC",MARBLE HILL MEDICAL CLINIC LLC,,,LLC,,P,307 BROADWAY ST,,MARBLE HILL,MO,637648321,37.302167067567495,-89.96803935179625,True,Independent
O20141202002091,MO,00-17,PART A PROVIDER - RURAL HEALTH CLINIC,1558389189,N,268723,1254236300,HANNIBAL REGIONAL HEALTHCARE SYSTEM INC,PIKE MEDICAL CLINIC,1965-08-06,MO,CORPORATION,,N,211 S 3RD ST,,LOUISIANA,MO,633532000,39.44643958827736,-91.0507111506871,True,HANNIBAL
O20141203000623,MO,00-17,PART A PROVIDER - RURAL HEALTH CLINIC,1700806130,N,268724,1254236300,HANNIBAL REGIONAL HEALTHCARE SYSTEM INC,HANNIBAL REGIONAL MEDICAL GROUP-BOWLING GREEN,1965-08-06,MO,CORPORATION,,N,8 TOWN CENTER DR,,BOWLING GREEN,MO,633342803,39.34308725664212,-91.19229185352924,True,HANNIBAL
O20150108000185,MO,00-17,PART A PROVIDER - RURAL HEALTH CLINIC,1578961454,N,268727,4183528169,CITIZENS MEMORIAL HEALTHCARE,CMH OSCEOLA MEDICAL CENTER,,,OTHER,HOSPITAL DISTRICT,N,855 ARDUSER DR,,OSCEOLA,MO,647766278,38.0469778,-93.7035287,True,MEMORIAL
O20150112001888,MO,00-17,PART A PROVIDER - RURAL HEALTH CLINIC,1811391717,N,268726,5092616276,SGOH ACQUISITION INC,OCH SPARTA CLINIC,1991-08-21,MO,CORPORATION,,N,155 VILLAGE DRIVE,OCH SPARTA CLINIC,SPARTA,MO,657538104,38.12779182019101,-89.70177635231667,True,Independent
O20150205000659,AR,00-17,PART A PROVIDER - RURAL HEALTH CLINIC,1568502631,N,268597,5092616276,SGOH ACQUISITION INC,OCH LAWRENCE COUNTY CLINIC,1991-08-21,MO,CORPORATION,,N,108 S HICKORY STREET,,MT. VERNON,MO,657121407,37.1036666,-93.8185401,True,Independent
O20150206000974,AR,00-17,PART A PROVIDER - RURAL HEALTH CLINIC,1225338155,N,268672,5092616276,SGOH ACQUISITION INC,OCH WELLPOINTE FAMILY MEDICAL CLINIC,1991-08-21,MO,CORPORATION,,N,543 WEST HUBBLE DRIVE,,MARSHFIELD,MO,657061532,37.33926861872646,-92.90210065604032,True,Independent
O20150217002171,MO,00-17,PART A PROVIDER - RURAL HEALTH CLINIC,1639575996,N,263479,5193040020,MERCY HOSPITAL LINCOLN,MERCY HOSPITAL LINCOLN-FAMILY MEDICINE AND PSYCHIATRY TROY,,,CORPORATION,,N,1003 E CHERRY ST,,TROY,MO,633791503,38.72653299272654,-89.88731430701725,True,MERCY
O20150218000832,MO,00-17,PART A PROVIDER - RURAL HEALTH CLINIC,1316343494,N,268687,5193040020,MERCY HOSPITAL LINCOLN,MERCY HOSPITAL LINCOLN-FAMILY MEDICINE,,,CORPORATION,,N,1165 E CHERRY ST,,TROY,MO,633791520,38.731297756596014,-89.88241223497742,True,MERCY
O20150218001499,MO,00-17,PART A PROVIDER - RURAL HEALTH CLINIC,1386040178,N,268701,5193040020,MERCY HOSPITAL LINCOLN,MERCY HOSPITAL LINCOLN-FAMILY MEDICINE WINFIELD,,,CORPORATION,,N,35 WINFIELD PLZ,,WINFIELD,MO,633893451,38.9972723,-90.738458,True,MERCY
O20150218002078,MO,00-17,PART A PROVIDER - RURAL HEALTH CLINIC,1144626219,N,263457,5193040020,MERCY HOSPITAL LINCOLN,MERCY HOSPITAL LINCOLN- FAMILY MEDICINE,,,CORPORATION,,N,900 E CHERRY ST,,TROY,MO,633791429,38.731775653456374,-89.88248479216358,True,MERCY
O20150219000013,MO,00-17,PART A PROVIDER - RURAL HEALTH CLINIC,1578969366,N,268663,5193040020,MERCY HOSPITAL LINCOLN,MERCY HOSPITAL LINCOLN FAMILY MEDICINE ELSBERRY,2014-10-31,MO,CORPORATION,,N,106 BROADWAY ST,STE 3C,ELSBERRY,MO,633431345,39.1667151,-90.7809598,True,MERCY
O20150611002608,MO,00-17,PART A PROVIDER - RURAL HEALTH CLINIC,1104229186,N,268728,5092616276,SGOH ACQUISITION INC,OCH JASPER COUNTY CLINIC CARTHAGE CAMPUS,1991-08-21,MO,CORPORATION,,N,327 E AIRPORT DR,,CARTHAGE,MO,648363402,37.18020749718879,-94.312221637634,True,Independent
O20150713000474,MO,00-17,PART A PROVIDER - RURAL HEALTH CLINIC,1053452623,N,268730,5496641896,NORTHWEST MEDICAL CENTER ASSOCIATION INC,MOSAIC FAMILY CARE GRANT CITY,,,OTHER,501(C)(3),N,307 E 2ND ST,,GRANT CITY,MO,644568141,40.48264941268252,-94.4116866772772,True,Independent
O20150806011729,MO,00-17,PART A PROVIDER - RURAL HEALTH CLINIC,1316140494,N,268731,2567351570,JOHN FITZGIBBON MEMORIAL HOSPITAL INC.,FITZGIBBON FAMILY HEALTH,1961-04-12,MO,CORPORATION,,N,600 W MORRISON ST,,FAYETTE,MO,652481471,39.1463012,-92.6833591,True,MEMORIAL
O20151019000623,MO,00-17,PART A PROVIDER - RURAL HEALTH CLINIC,1619065828,N,268729,7810973252,SULLIVAN COUNTY MEMORIAL HOSPITAL,SULLIVAN COUNTY MEMORIAL HOSPITAL MILAN FAMILY PRACTICE,,,OTHER,COUNTY/GOVERNMENT,N,210 N MARKET ST,,MILAN,MO,635561316,40.197791969663754,-93.12866419730516,True,MEMORIAL
O20151030001566,MO,00-17,PART A PROVIDER - RURAL HEALTH CLINIC,1558514901,N,268628,8426024159,PEMISCOT COUNTY MEMORIAL HOSPITAL,BOOTHEEL PRIMARY CARE CLINIC STEELE,,,OTHER,COUNTY GOVERNMENT,N,213 S WALNUT ST,,STEELE,MO,638771714,36.0839594,-89.8292512,True,MEMORIAL
O20151207002965,MO,00-17,PART A PROVIDER - RURAL HEALTH CLINIC,1730588674,N,793836,345540779,MIDWEST HEALTH SOLUTIONS LLC,MIDWEST RURAL CONVENIENT CARE,2015-06-29,MO,LLC,,P,24 SOUTHTOWNE DR,,POTOSI,MO,636645729,37.938517278833736,-90.78642659838287,True,Independent
O20151211000859,MO,00-17,PART A PROVIDER - RURAL HEALTH CLINIC,1780927871,N,268736,7315192515,SOUTHEAST HEALTH CENTER OF STODDARD COUNTY LLC,MERCY HOSPITAL STODDARD,2012-11-30,MO,LLC,,N,2002 KANELL BLVD,,POPLAR BLUFF,MO,639014011,36.7566822366718,-90.3881686726148,True,Independent
O20160210000609,MO,00-17,PART A PROVIDER - RURAL HEALTH CLINIC,1093188807,N,268738,5092622001,CAMERON REGIONAL MEDICAL CENTER INC,MAYSVILLE FAMILY HEALTH CLINIC,1963-06-28,MO,CORPORATION,,N,1007 S POLK ST,,MAYSVILLE,MO,644694030,39.8891658,-94.3618967,True,Independent
O20160301000374,MO,00-17,PART A PROVIDER - RURAL HEALTH CLINIC,1962877514,N,268713,3971495532,SAINT LUKE'S HOSPITAL OF TRENTON,SAINT LUKE'S MERCER COUNTY CLINIC,1995-02-14,MO,CORPORATION,,N,400 N FULLERTON ST,,PRINCETON,MO,646731418,40.405369337043375,-93.58177188046048,True,Independent
O20160304001747,MO,00-17,PART A PROVIDER - RURAL HEALTH CLINIC,1912366329,N,268617,345236667,COX-MONETT HOSPITAL INC,COXHEALTH CENTER MT VERNON,1993-10-15,MO,CORPORATION,,N,10763 HIGHWAY 39,STE 200,MOUNT VERNON,MO,657127855,35.228965853679156,-92.10608102357106,True,COXHEALTH
O20160309001276,MO,00-17,PART A PROVIDER - RURAL HEALTH CLINIC,1538529813,N,268543,345236667,COX-MONETT HOSPITAL INC,COXHEALTH CENTER CRANE,,,CORPORATION,,N,102 CORTNEY LN,,CRANE,MO,656339192,36.90419926753371,-93.56791511142173,True,COXHEALTH
O20160309002522,MO,00-17,PART A PROVIDER - RURAL HEALTH CLINIC,1790145076,N,268735,345236667,COX-MONETT HOSPITAL INC,COXHEALTH MONETT,1993-10-15,MO,CORPORATION,,N,1000 E HIGHWAY 60,,MONETT,MO,657088258,36.93288309847083,-93.92732539256684,True,COXHEALTH
O20160314001231,MO,00-17,PART A PROVIDER - RURAL HEALTH CLINIC,1922485259,N,793844,1850609637,HEALTHY CHOICE,,2015-02-10,MO,LLC,,P,111 E FIRST STREET,,MONTGOMERY CITY,MO,633612550,38.9775406,-91.5048844,True,Independent
O20160427002194,MO,00-17,PART A PROVIDER - RURAL HEALTH CLINIC,1982064267,N,268565,345236667,COX-MONETT HOSPITAL INC,COXHEALTH CENTER AURORA,,,CORPORATION,,N,106 COMMERCE DR,,AURORA,MO,656056260,36.972076038692634,-93.72283796378052,True,COXHEALTH
O20160512001234,MO,00-17,PART A PROVIDER - RURAL HEALTH CLINIC,1033578588,N,268741,8123015518,PIKE COUNTY MEMORIAL HOSPITAL,PCMH CLINIC,1990-01-01,MO,OTHER,COUNTY OWNED NOT FOR PROFIT,N,425 N GALLOWAY RD,,VANDALIA,MO,633821259,38.96372558235162,-89.09054302217827,True,MEMORIAL
O20160531000720,MO,00-17,PART A PROVIDER - RURAL HEALTH CLINIC,1144605312,N,268737,9830095280,NEVADA CITY HOSPITAL,NEVADA REGIONAL PRIMARY CARE CENTER,2015-07-30,MO,OTHER,"SELF-FUNDED, INDEPENDANT",N,627 S ASH ST,STE B,NEVADA,MO,647723279,37.837085252582014,-94.35952366191796,True,Independent
O20160531001382,MO,00-17,PART A PROVIDER - RURAL HEALTH CLINIC,1467811786,N,793842,6305748153,MERITAS HEALTH CORPORATION,MERITAS HEALTH RICHMOND,1993-01-25,MO,CORPORATION,,P,902 WOLLARD BLVD,,RICHMOND,MO,640852229,39.278622,-93.9768876,True,Independent
O20160613001424,MO,00-17,PART A PROVIDER - RURAL HEALTH CLINIC,1366831943,N,793839,9931007929,SAINT FRANCIS MEDICAL CENTER,SAINT FRANCIS CLINIC DEXTER,1972-05-08,MO,CORPORATION,,N,1212 SAINT FRANCIS DR,,DEXTER,MO,638412769,36.79875679506216,-89.95300744306499,True,Independent
O20160708001380,MO,00-17,PART A PROVIDER - RURAL HEALTH CLINIC,1609230507,N,268740,1355252891,MISSOURI DELTA MEDICAL CENTER,BENTON COMMUNITY CARE CENTER,1966-01-01,MO,CORPORATION,,N,6468 STATE HIGHWAY 77,,BENTON,MO,637368237,34.5685199388341,-92.58981024134609,True,Independent
O20160715001052,MO,00-17,PART A PROVIDER - RURAL HEALTH CLINIC,1518372481,N,263897,9931007929,SAINT FRANCIS MEDICAL CENTER,SAINT FRANCIS CLINIC CAPE GIRARDEAU KINGSHIGHWAY,1972-05-08,MO,CORPORATION,,N,1702 N KINGSHIGHWAY ST,,CAPE GIRARDEAU,MO,637012122,37.306742018150345,-89.518744122002,True,Independent
O20160728002257,MO,00-17,PART A PROVIDER - RURAL HEALTH CLINIC,1689096919,N,263968,9931007929,SAINT FRANCIS MEDICAL CENTER,SAINT FRANCIS CLINIC POPLAR BLUFF,1972-05-08,MO,CORPORATION,,N,225 PHYSICIANS PARK,STE 400,POPLAR BLUFF,MO,639013923,36.75372692499183,-90.39766655659018,True,Independent
O20160728002602,MO,00-17,PART A PROVIDER - RURAL HEALTH CLINIC,1457757767,N,263933,9931007929,SAINT FRANCIS MEDICAL CENTER,SAINT FRANCIS CLINIC PIEDMONT,1972-05-08,MO,CORPORATION,,N,420 PIEDMONT AVE,,PIEDMONT,MO,639571024,37.153699840281085,-90.70039569937424,True,Independent
O20160729001627,MO,00-17,PART A PROVIDER - RURAL HEALTH CLINIC,1598186157,N,263914,9931007929,SAINT FRANCIS MEDICAL CENTER,SAINT FRANCIS CLINIC JACKSON,1972-05-08,MO,CORPORATION,,N,2130 E JACKSON BLVD,,JACKSON,MO,637552907,37.37967640436691,-89.6707898777927,True,Independent
O20161110001445,MO,00-17,PART A PROVIDER - RURAL HEALTH CLINIC,1154871143,N,268744,3274432802,STE GENEVIEVE COUNTY MEMORIAL HOSPITAL,PLAZA FAMILY HEALTH CARE,1969-04-01,MO,OTHER,POLITICAL SUBDIVISION,N,120 PLAZA DR,,STE GENEVIEVE,MO,636701828,37.97774051090823,-90.04566321269857,True,MEMORIAL
O20161111000456,MO,00-17,PART A PROVIDER - RURAL HEALTH CLINIC,1821462284,N,268739,1355252891,MISSOURI DELTA MEDICAL CENTER,DEXTER COMMUNITY CARE CENTER,1966-01-01,MO,CORPORATION,,N,911B W BUSINESS US HIGHWAY 60,,DEXTER,MO,638412741,36.79609277248429,-89.95589768610854,True,Independent
O20161128000820,MO,00-17,PART A PROVIDER - RURAL HEALTH CLINIC,1033669353,N,268754,1254236300,HANNIBAL REGIONAL HEALTHCARE SYSTEM INC,HANNIBAL REGIONAL MEDICAL GROUP,1965-08-06,MO,CORPORATION,,N,6500 HOSPITAL DR,,HANNIBAL,MO,634016890,39.70697816418046,-91.35821459050368,True,HANNIBAL
O20161212000175,MO,00-17,PART A PROVIDER - RURAL HEALTH CLINIC,1477009959,N,268749,8123937356,BATES COUNTY MEMORIAL HOSPITAL,FAMILY CARE CLINIC RICH HILL,,,OTHER,HOSPITAL DISTRICT,N,225 N 14TH ST,,RICH HILL,MO,647791372,38.0964191,-94.3610616,True,MEMORIAL
O20161215001405,MO,00-17,PART A PROVIDER - RURAL HEALTH CLINIC,1346790508,N,268743,4183904865,WESTERN MISSOURI MEDICAL CENTER,FAMILY PRACTICE OF CENTRAL MISSOURI - WARRENSBURG,,,OTHER,GOVERNMENT,N,513 BURKARTH RD,,WARRENSBURG,MO,640933103,38.762829749146334,-93.7317573847054,True,Independent
O20161228000986,MO,00-17,PART A PROVIDER - RURAL HEALTH CLINIC,1194275362,N,268742,4183904865,WESTERN MISSOURI MEDICAL CENTER,FAMILY PRACTICE OF CENTRAL MISSOURI - HIGGINSVILLE,,,OTHER,LOCAL GOVERNMENT,N,1200 W 22ND ST,,HIGGINSVILLE,MO,640371420,39.0752352,-93.7172567,True,Independent
O20170201001862,AR,00-17,PART A PROVIDER - RURAL HEALTH CLINIC,1386191989,N,268748,5092616276,SGOH ACQUISITION INC,OCH PINEVILLE MEDICAL CLINIC,1991-08-21,MO,CORPORATION,,P,5265 S BUSINESS HIGHWAY 71,STE I&J,PINEVILLE,MO,648568505,36.592085990100934,-94.3808929448832,True,Independent
O20170202000120,AR,00-17,PART A PROVIDER - RURAL HEALTH CLINIC,1801343405,N,268746,5092616276,SGOH ACQUISITION INC,OCH SOUTHWEST CITY COMMUNITY CLINIC,1991-08-21,MO,CORPORATION,,P,109 N BROADWAY ST,,SOUTH WEST CITY,MO,648639417,36.5265754,-94.6161071,True,Independent
O20170206002308,AR,00-17,PART A PROVIDER - RURAL HEALTH CLINIC,1972050581,N,268745,5092616276,SGOH ACQUISITION INC,OCH GOODMAN FAMILY CLINIC,1991-08-21,MO,CORPORATION,,P,912B STATE HIGHWAY 59,,GOODMAN,MO,648438252,36.7393288,-94.4084118,True,Independent
O20170207000588,AR,00-17,PART A PROVIDER - RURAL HEALTH CLINIC,1063969665,N,268747,5092616276,SGOH ACQUISITION INC,OCH ANDERSON RURAL HEALTH CLINIC,1991-08-21,MO,CORPORATION,,P,104 E MAIN ST,,ANDERSON,MO,648314103,36.64934149635669,-94.4465989301868,True,Independent
O20170220000378,MO,00-17,PART A PROVIDER - RURAL HEALTH CLINIC,1851834659,N,268751,4183528169,CITIZENS MEMORIAL HEALTHCARE,CMH EL DORADO SPRINGS MEDICAL CENTER,,,OTHER,STATE GOVERNMENT-HOSP DIST,N,322 E HOSPITAL RD,,EL DORADO SPRINGS,MO,647442022,37.8769799,-94.0213303,True,MEMORIAL
O20170406001251,MO,00-17,PART A PROVIDER - RURAL HEALTH CLINIC,1255703500,N,268753,1557316783,COMMUNITY HOSPITAL ASSOCIATION,SOUTH HOLT FAMILY MEDICINE,1976-10-07,MO,CORPORATION,,N,101 S WASHINGTON ST,,OREGON,MO,644739311,39.99104895844864,-95.14155932198778,True,Independent
O20170410000575,MO,00-17,PART A PROVIDER - RURAL HEALTH CLINIC,1740726165,N,268752,1557316783,COMMUNITY HOSPITAL ASSOCIATION,WEST NODAWAY FAMILY MEDICINE,1976-10-07,MO,CORPORATION,,N,226 W MAIN ST,,BURLINGTON JUNCTION,MO,644287249,40.4470801,-95.0665308,True,Independent
O20170411001889,MO,00-17,PART A PROVIDER - RURAL HEALTH CLINIC,1518174507,N,268755,1557316783,COMMUNITY HOSPITAL ASSOCIATION,MOUND CITY FAMILY MEDICINE,1976-10-07,MO,CORPORATION,,N,514 STATE ST,,MOUND CITY,MO,644701145,40.12790914733182,-95.22972437134158,True,Independent
O20170711002093,MO,00-17,PART A PROVIDER - RURAL HEALTH CLINIC,1083154991,N,268759,1254236300,HANNIBAL REGIONAL HEALTHCARE SYSTEM INC,EXPRESS CARE AT WALMART,1965-08-06,MO,CORPORATION,,N,3650 STARDUST DR,,HANNIBAL,MO,634012480,39.70643263915129,-91.35635217770916,True,HANNIBAL
O20170724002446,MO,00-17,PART A PROVIDER - RURAL HEALTH CLINIC,1942730015,N,268757,1254236300,HANNIBAL REGIONAL HEALTHCARE SYSTEM INC,COMPLETE FAMILY MEDICINE LANCASTER RHC,1965-08-06,MO,CORPORATION,,N,1000 W WASHINGTON ST,,LANCASTER,MO,635489038,40.517163106681025,-92.5296404563248,True,HANNIBAL
O20170725000081,MO,00-17,PART A PROVIDER - RURAL HEALTH CLINIC,1154851228,N,268756,1254236300,HANNIBAL REGIONAL HEALTHCARE SYSTEM INC,COMPLETE FAMILY MEDICINE LA PLATA RHC,1965-08-06,MO,CORPORATION,,N,29934 JULY RD,,LA PLATA,MO,635493129,40.02444243341336,-92.48774345659022,True,HANNIBAL
O20170804000925,MO,00-17,PART A PROVIDER - RURAL HEALTH CLINIC,1083134951,N,268758,1254236300,HANNIBAL REGIONAL HEALTHCARE SYSTEM INC,COMPLETE FAMILY MEDICINE KIRKSVILLE RHC,1965-08-06,MO,CORPORATION,,N,1611 S BALTIMORE ST,,KIRKSVILLE,MO,635014518,40.19688244852382,-92.58002086302184,True,HANNIBAL
O20171113002842,MO,00-17,PART A PROVIDER - RURAL HEALTH CLINIC,1427572007,N,268766,1355252891,MISSOURI DELTA MEDICAL CENTER,CHAFFEE MEDICAL CLINIC,1966-01-01,MO,CORPORATION,,N,209 W YOAKUM AVE,,CHAFFEE,MO,637401138,37.18448850060373,-89.65435380249885,True,Independent
O20180227000146,MO,00-17,PART A PROVIDER - RURAL HEALTH CLINIC,1134633456,N,268767,8123015518,PIKE COUNTY MEMORIAL HOSPITAL,MEDICAL WALK-IN CLINIC,1990-01-01,MO,OTHER,COUNTY (OWNED NOT FOR PROFIT),N,1420 S BUSINESS 61,,BOWLING GREEN,MO,633345230,39.346218569340714,-91.19800300811144,True,MEMORIAL
O20180309000070,MO,00-17,PART A PROVIDER - RURAL HEALTH CLINIC,1154838209,N,268761,3870491863,OZARKS MEDICAL CENTER,OZARKS HEALTHCARE PEDIATRICS,1955-09-06,MO,OTHER,HOSPITAL,N,312 N KENTUCKY AVE,,WEST PLAINS,MO,657752073,36.729221176069544,-91.8506410292377,True,Independent
O20180802002883,MO,00-17,PART A PROVIDER - RURAL HEALTH CLINIC,1437513686,N,268773,4284624552,FREEMAN NEOSHO HOSPITAL,FREEMAN CLINIC OF ANDERSON,,,CORPORATION,,N,510 PARK ST,,ANDERSON,MO,648319280,36.64847521242146,-94.4438099177502,True,FREEMAN
O20180822000052,MO,00-17,PART A PROVIDER - RURAL HEALTH CLINIC,1477870467,N,793800,5698024891,WT REGIONAL MEDICAL ASSOCIATES,WEST TENNESSEE MEDICAL GROUP PRIMARY CARE CARUTHERSVILLE,,,CORPORATION,,N,108 W 15TH ST,,CARUTHERSVILLE,MO,638302202,36.191663,-89.6548449,True,Independent
O20190103001427,MO,00-17,PART A PROVIDER - RURAL HEALTH CLINIC,1679041040,N,268768,7315192515,SOUTHEAST HEALTH CENTER OF STODDARD COUNTY LLC,MERCY HOSPITAL STODDARD,2012-12-07,MO,LLC,,N,522 VIRGINIA ST,,SIKESTON,MO,638015812,36.87817843246951,-89.59177241144994,True,Independent
O20190123003866,MO,00-17,PART A PROVIDER - RURAL HEALTH CLINIC,1588168215,N,793853,5799022141,BGMG CORPORATION,BOWLING GREEN MEDICAL GROUP,2018-02-26,MO,CORPORATION,,P,905 HIGHWAY 161,,BOWLING GREEN,MO,633342431,39.34664220662832,-91.19191009511896,True,Independent
O20190220000146,MO,00-17,PART A PROVIDER - RURAL HEALTH CLINIC,1417424151,N,263830,9931007929,SAINT FRANCIS MEDICAL CENTER,SAINT FRANCIS CLINIC CHARLESTON,1972-05-08,MO,CORPORATION,,N,112 W COMMERCIAL ST,,CHARLESTON,MO,638341601,35.30034522238736,-94.03284023442544,True,Independent
O20190226002216,MO,00-17,PART A PROVIDER - RURAL HEALTH CLINIC,1033686886,N,268933,9931007929,SAINT FRANCIS MEDICAL CENTER,SAINT FRANCIS CLINIC SCOTT CITY,2012-12-11,MO,CORPORATION,,N,100 E OUTER RD,,SCOTT CITY,MO,637801229,37.22233299827484,-89.5209019897728,True,Independent
O20190329001162,MO,00-17,PART A PROVIDER - RURAL HEALTH CLINIC,1093289431,N,268693,3678813896,MOSAIC MEDICAL CENTER - MARYVILLE,MOSAIC FAMILY CARE - SAVANNAH,2018-10-12,MO,CORPORATION,,N,301 E PRICE AVE,STE A,SAVANNAH,MO,644852482,39.94550948339224,-94.83176989002608,True,Independent
O20190402000695,MO,00-17,PART A PROVIDER - RURAL HEALTH CLINIC,1598239790,N,268542,3678813896,MOSAIC MEDICAL CENTER - MARYVILLE,MOSAIC SPECIALTY CARE - EAST,2018-10-12,MO,CORPORATION,,N,114 E SOUTH HILLS DR,,MARYVILLE,MO,644682659,40.34380251818194,-94.86988294996752,True,Independent
O20190416000538,MO,00-17,PART A PROVIDER - RURAL HEALTH CLINIC,1821562265,N,268540,3678813896,MOSAIC MEDICAL CENTER - MARYVILLE,MOSAIC SPECIALTY CARE - WEST,,,CORPORATION,,N,2016 S MAIN ST,,MARYVILLE,MO,644682655,40.34773166199835,-94.86862712191616,True,Independent
O20190506000754,MO,00-17,PART A PROVIDER - RURAL HEALTH CLINIC,1972507523,N,268771,1557316783,COMMUNITY HOSPITAL ASSOCIATION,TARKIO FAMILY MEDICINE,,,CORPORATION,,N,102 S 6TH ST,,TARKIO,MO,644911513,40.444249254694434,-95.37457210206728,True,Independent
O20190510000487,MO,00-17,PART A PROVIDER - RURAL HEALTH CLINIC,1689183881,N,268770,1557316783,COMMUNITY HOSPITAL ASSOCIATION,FAIRFAX FAMILY MEDICINE,,,CORPORATION,,N,309 E MAIN ST,,FAIRFAX,MO,644469312,40.34266030715788,-95.3917496305882,True,Independent
O20190517001371,MO,00-17,PART A PROVIDER - RURAL HEALTH CLINIC,1952878704,N,263930,9931007929,SAINT FRANCIS MEDICAL CENTER,SAINT FRANCIS CLINIC EAST PRAIRIE,,,CORPORATION,,N,320 N LINCOLN ST,,EAST PRAIRIE,MO,638451160,36.7797776,-89.3856298,True,Independent
O20190520000385,MO,00-17,PART A PROVIDER - RURAL HEALTH CLINIC,1588131338,N,263931,9931007929,SAINT FRANCIS MEDICAL CENTER,SAINT FRANCIS CLINIC SIKESTON,2019-01-01,MO,CORPORATION,,N,1012 N MAIN ST,,SIKESTON,MO,638015044,36.87738353134002,-89.58384990981982,True,Independent
O20190802000308,MO,00-17,PART A PROVIDER - RURAL HEALTH CLINIC,1215388293,N,268775,5092852111,WESTERN MISSOURI MEDICAL CENTER,WESTERN MO FAMILY HEALTHCARE - CONCORDIA,,,OTHER,HOSPITAL DISTRICT,N,905 S MAIN ST,,CONCORDIA,MO,640208335,38.9824542,-93.5685013,True,Independent
O20190802001096,MO,00-17,PART A PROVIDER - RURAL HEALTH CLINIC,1972817658,N,268774,5092852111,WESTERN MISSOURI MEDICAL CENTER,WESTERN MISSOURI FAMILY HEALTHCARE - KNOB NOSTER,,,OTHER,HOSPITAL DISTRICT,N,600 E ALLEN ST,STE A,KNOB NOSTER,MO,653361184,38.7666798,-93.5585458,True,Independent
O20190807003853,MO,00-17,PART A PROVIDER - RURAL HEALTH CLINIC,1285088666,N,268772,6709171606,WESTERN MISSOURI MEDICAL CENTER,CENTRAL FAMILY AND SPORTS MEDICINE,,,OTHER,COUNTY-OWNED,N,407 E RUSSELL AVE,BLDG C,WARRENSBURG,MO,640931242,38.765981687928345,-93.73524741827204,True,Independent
O20190926001338,MO,00-17,PART A PROVIDER - RURAL HEALTH CLINIC,1396741302,N,268779,1557316783,COMMUNITY HOSPITAL ASSOCIATION,ROCK PORT FAMILY MEDICINE,1976-10-07,MO,CORPORATION,,N,100 E CASS ST,,ROCK PORT,MO,644821528,40.40901638581096,-95.5157660838209,True,Independent
O20191010002373,MO,00-17,PART A PROVIDER - RURAL HEALTH CLINIC,1982254371,N,268778,5092616276,SGOH ACQUISITION INC,OCH NEWTON COUNTY CLINIC,1991-08-21,MO,CORPORATION,,P,117 E HICKORY ST,,NEOSHO,MO,648501806,36.87141404048917,-94.36620718660608,True,Independent
O20191028003189,MO,00-17,PART A PROVIDER - RURAL HEALTH CLINIC,1467859579,N,268776,5092852111,WESTERN MISSOURI MEDICAL CENTER,WESTERN MISSOURI FAMILY HEALTHCARE & EXPRESS CARE,,,OTHER,COUNTY-OWNED,N,427 BURKARTH RD,,WARRENSBURG,MO,640933101,38.76160152751935,-93.74004661796565,True,Independent
O20191101001726,MO,00-17,PART A PROVIDER - RURAL HEALTH CLINIC,1295241784,N,268762,8820329782,COX BARTON COUNTY HOSPITAL,GOLDEN CITY CLINIC,,,LLC,,N,403 MAIN ST,,GOLDEN CITY,MO,64748,37.3931054,-94.0938304,True,COXHEALTH
O20200121000961,MO,00-17,PART A PROVIDER - RURAL HEALTH CLINIC,1356412308,N,263906,7012828163,SSM CARDINAL GLENNON CHILDREN'S HOSPITAL,SSM HEALTH CARNINAL GLENNON PEDIATRICS,1999-12-22,MO,CORPORATION,,N,132 PROFESSIONAL PKWY,,TROY,MO,633792823,38.72818477778299,-89.88819606986684,True,SSM
O20200204002985,MO,00-17,PART A PROVIDER - RURAL HEALTH CLINIC,1962573212,N,263974,7012828163,SSM CARDINAL GLENNON CHILDREN'S HOSPITAL,SSM HELATH CARDINAL GLENNON PEDIATRICS,1999-12-22,MO,CORPORATION,,N,511 ASHLAND AVE,,WARRENTON,MO,633831065,38.810751,-91.150268,True,SSM
O20200303002470,MO,00-17,PART A PROVIDER - RURAL HEALTH CLINIC,1639736457,N,268777,7315192515,SOUTHEAST HEALTH CENTER OF STODDARD COUNTY LLC,MERCY HOSPITAL STODDARD,2012-11-30,MO,LLC,,N,800 US HIGHWAY 61,,NEW MADRID,MO,638691106,36.5749606,-89.6780945,True,Independent
O20200306000220,MO,00-17,PART A PROVIDER - RURAL HEALTH CLINIC,1255847745,N,268648,8820329782,COX BARTON COUNTY HOSPITAL,MEDICAL ONE CLINIC,,,CORPORATION,,N,29 NW 1ST LN,,LAMAR,MO,647598105,37.49317933239013,-94.27896783166682,True,COXHEALTH
O20200319002342,MO,00-17,PART A PROVIDER - RURAL HEALTH CLINIC,1891325072,N,268781,8224940366,SCOTLAND COUNTY MEMORIAL HOSPITAL,EDINA MEDICAL SERVICES,,,OTHER,POLITICAL SUBDIVISION,P,55682 STATE HIGHWAY 6,STE A,EDINA,MO,635374268,40.1675386,-92.1726821,True,MEMORIAL
O20200401000365,MO,00-17,PART A PROVIDER - RURAL HEALTH CLINIC,1952934937,N,793855,1052740750,TABLE ROCK FAMILY CARE CLINIC LLC,TABLE ROCK FAMILY MEDICINE AND OBSTETRICS,2019-09-26,MO,LLC,,P,800 HIGHWAY 248,STE F,BRANSON,MO,656164078,36.6416731740373,-93.21605837926784,True,Independent
O20200428000061,MO,00-17,PART A PROVIDER - RURAL HEALTH CLINIC,1003821307,N,268780,5092622001,CAMERON REGIONAL MEDICAL CENTER INC,WALNUT MEDICAL CLINIC,1963-06-28,MO,CORPORATION,,N,921 N WALNUT STREET,,CAMERON,MO,644291341,39.739948323498304,-94.23755462810132,True,Independent
O20200804000698,MO,00-17,PART A PROVIDER - RURAL HEALTH CLINIC,1598373359,N,268784,3870491863,OZARKS MEDICAL CENTER,OZARKS HEALTHCARE ZIZZER CLINIC,,,CORPORATION,,N,1013 N COLLEGE ST,,WEST PLAINS,MO,657753319,36.72680394578054,-91.85411768479592,True,Independent
O20201002001329,MO,00-17,PART A PROVIDER - RURAL HEALTH CLINIC,1588281844,N,268783,6103714126,BOTHWELL REGIONAL HEALTH CENTER,BOTHWELL TLC PEDIATRICS,2021-10-12,MO,OTHER,CITY OWNED AND OPERATED,N,2925 CLINTON RD,,SEDALIA,MO,653017915,38.70778594759648,-93.232312239036,True,Independent
O20201023000575,MO,00-17,PART A PROVIDER - RURAL HEALTH CLINIC,1902854037,N,268788,6103714126,BOTHWELL REGIONAL HEALTH CENTER,BOTHWELL OB/GYN ASSOCIATES,,,OTHER,CITY OWNED AND OPERATED,N,3401 W 10TH ST,,SEDALIA,MO,653012112,38.70405729811311,-93.228099451923,True,Independent
O20210426000584,MO,00-17,PART A PROVIDER - RURAL HEALTH CLINIC,1467047738,N,793827,6406834951,WOMENS HEALTH SPECIALISTS PC,,,,CORPORATION,,P,2340 KATY LN,,POPLAR BLUFF,MO,639012300,36.75775023466031,-90.39156071124074,True,Independent
O20210430000555,MO,00-17,PART A PROVIDER - RURAL HEALTH CLINIC,1396337473,N,793857,3870853294,MIDWEST OB GYN OF MISSOURI LLC,,2016-09-14,MO,LLC,,P,2210 BARRON RD,STE 206,POPLAR BLUFF,MO,639011908,36.76049935573899,-90.39269897618816,True,Independent
O20210608002462,MO,00-17,PART A PROVIDER - RURAL HEALTH CLINIC,1134752140,Y,268789,2567351570,JOHN FITZGIBBON MEMORIAL HOSPITAL INC.,MID-MISSOURI FAMILY HEALTH AT FITZGIBBON,1961-04-12,MO,CORPORATION,,N,2303 S HIGHWAY 65,STE A,MARSHALL,MO,653403735,39.12179483548658,-93.19323842423654,True,MEMORIAL
O20210630001113,MO,00-17,PART A PROVIDER - RURAL HEALTH CLINIC,1104432806,N,268808,6800894379,JEFFERSON MEDICAL GROUP,,,,CORPORATION,,N,807 E BROADWAY ST,,BRUNSWICK,MO,652361468,39.4233577,-93.1304782,True,Independent
O20210714001505,MO,00-17,PART A PROVIDER - RURAL HEALTH CLINIC,1043885254,N,793851,1355743741,FCC MEDICAL CLINICS LLC,FCC PRIMARY CARE CLINIC,,,LLC,,N,900 STATE ROUTE VV,,KENNETT,MO,638573834,36.2356,-90.0537,True,Independent
O20210720003240,MO,00-17,PART A PROVIDER - RURAL HEALTH CLINIC,1356916555,N,268792,7315847209,EXCELSIOR SPRINGS CITY HOSPITAL,LAWSON PRIMARY CARE,,,OTHER,CITY GOVERNMENT OWNED,P,411 N PENNSYLVANIA AVE,,LAWSON,MO,640629402,39.4383387,-94.2041096,True,Independent
O20210722000907,MO,00-17,PART A PROVIDER - RURAL HEALTH CLINIC,1205402195,N,793856,749192375,"QUINCY PHYSICIANS & SURGEONS CLINIC, PLLC",QUINCY MEDICAL GROUP KAHOKA AFFILIATE,1987-01-01,IL,CORPORATION,,P,133 E MAIN ST,,KAHOKA,MO,634451775,40.42478847300968,-91.72258939882992,True,Independent
O20210728002902,MO,00-17,PART A PROVIDER - RURAL HEALTH CLINIC,1013585561,N,793859,9931007929,SAINT FRANCIS MEDICAL CENTER,SAINT FRANCIS CLINIC FARMINGTON,1972-05-04,MO,CORPORATION,,N,515 MAPLE VALLEY DR,,FARMINGTON,MO,636401919,37.781157582775094,-90.4227650139576,True,Independent
O20210922000428,MO,00-17,PART A PROVIDER - RURAL HEALTH CLINIC,1386311223,N,268785,9133026776,LAKE REGIONAL HEALTH SYSTEM,LAKE REGIONAL CLINIC-LEBANON,,,CORPORATION,,N,755 COWAN DRIVE,,LEBANON,MO,65536,37.67708706245853,-92.66497236938685,True,Independent
O20210924000114,MO,00-17,PART A PROVIDER - RURAL HEALTH CLINIC,1316616212,N,268786,9133026776,LAKE REGIONAL HEALTH SYSTEM,LAKE REGIONAL OBSTETRICS & GYNECOLOGY,,,CORPORATION,,N,54 HOSPITAL DR,STE 201,OSAGE BEACH,MO,650653050,38.154484726930264,-92.61578769466894,True,Independent
O20210924000170,MO,00-17,PART A PROVIDER - RURAL HEALTH CLINIC,1184393092,N,268787,9133026776,LAKE REGIONAL HEALTH SYSTEM,LAKE REGIONAL EXPRESS CARE - CAMDENTON,,,CORPORATION,,N,226 E US HIGHWAY 54,,CAMDENTON,MO,650206819,38.00938487537545,-92.74754539793096,True,Independent
O20211004002355,MO,00-17,PART A PROVIDER - RURAL HEALTH CLINIC,1619648532,N,268983,6507090644,BOONE PHYSICIAN SERVICES LLC,CENTRALIA FAMILY HEALTH CLINIC,2012-07-03,MO,LLC,,N,1021 E HIGHWAY 22,,CENTRALIA,MO,652401183,38.529318616063925,-89.13406304099662,True,Independent
O20220331000624,MO,00-17,PART A PROVIDER - RURAL HEALTH CLINIC,1568127397,N,268791,4183528169,CITIZENS MEMORIAL HEALTHCARE,CMH WILLARD MEDICAL CENTER,,,OTHER,HOSPITAL DISTRICT,N,502 S MILLER RD,,WILLARD,MO,657819753,37.301755032364014,-93.43009755194876,True,MEMORIAL
O20220518001770,MO,00-17,PART A PROVIDER - RURAL HEALTH CLINIC,1497705313,N,268795,6103714126,BOTHWELL REGIONAL HEALTH CENTER,COLE CAMP CLINIC,2021-10-12,MO,OTHER,CITY OWNED AND OPERATED,N,1201 E MAIN ST,,COLE CAMP,MO,653251256,38.4600212,-93.2027036,True,Independent
O20220607002711,MO,00-17,PART A PROVIDER - RURAL HEALTH CLINIC,1184360273,N,793865,5698773539,MCPHERSON MEDICAL & DIAGNOSTIC LLC,A & M MEDICAL & DIAGNOSTIC,2017-05-01,MO,LLC,,P,304 TEACO RD,STE A,KENNETT,MO,638573268,36.2356,-90.0537,True,Independent
O20220609002314,MO,00-17,PART A PROVIDER - RURAL HEALTH CLINIC,1336885433,N,793866,5698773539,MCPHERSON MEDICAL & DIAGNOSTIC LLC,HAYTI MEDICAL & DIAGNOSTIC,,,LLC,,P,223 S 3RD ST,,HAYTI,MO,638511617,36.2367,-89.7545,True,Independent
O20220610000655,MO,00-17,PART A PROVIDER - RURAL HEALTH CLINIC,1881330975,N,793864,5698773539,MCPHERSON MEDICAL & DIAGNOSTIC LLC,STEELE FAMILY CLINIC,2017-05-01,MO,LLC,,P,216 W MAIN ST,,STEELE,MO,638771436,36.0839594,-89.8292512,True,Independent
O20220621001658,MO,00-17,PART A PROVIDER - RURAL HEALTH CLINIC,1073279873,N,268790,2567351570,JOHN FITZGIBBON MEMORIAL HOSPITAL INC.,PILOT GROVE MEDICAL CLINIC AT FITZGIBBON,1961-04-12,MO,CORPORATION,,N,212 COLLEGE ST,,PILOT GROVE,MO,652761005,38.874744,-92.9115825,True,MEMORIAL
O20220622002578,MO,00-17,PART A PROVIDER - RURAL HEALTH CLINIC,1457099046,N,793861,5698773539,MCPHERSON MEDICAL & DIAGNOSTIC LLC,GIDEON MEDICAL CLINIC,2017-05-01,MO,LLC,,P,100 N MAIN ST,,GIDEON,MO,638489253,36.4520057,-89.9192558,True,Independent
O20221108003271,MO,00-17,PART A PROVIDER - RURAL HEALTH CLINIC,1730805136,N,268793,9830095280,NEVADA CITY HOSPITAL,NEVADA MEDICAL CLINIC,,,OTHER,"CITY HOSPITAL, NEVADACITY CODE CH 2, ART III, SEC 2-9 ET SEQ",N,900 S ADAMS ST,,NEVADA,MO,647723210,37.841994129182304,-94.35260434136046,True,Independent
O20221117000472,MO,00-17,PART A PROVIDER - RURAL HEALTH CLINIC,1174260111,N,793863,8729398425,MIDWEST MEDICAL PRACTITIONERS LLC,,2015-05-12,MO,LLC,,P,120 BOYD ST,,DE SOTO,MO,630201702,38.14022068078367,-90.5501015893475,True,Independent
O20230113001341,MO,00-17,PART A PROVIDER - RURAL HEALTH CLINIC,1376271205,N,268794,1951219237,PARKLAND HEALTH CENTER,PARKLAND HEALTH CENTER MEDICAL CLINIC,,,CORPORATION,,N,1103 W LIBERTY ST,,FARMINGTON,MO,636401921,37.78085165624483,-90.42357821972608,True,Independent
O20230126003075,MO,00-17,PART A PROVIDER - RURAL HEALTH CLINIC,1184625782,N,793860,2062401466,WILLOW HEALTH CARE INC,WESTWOOD RURAL HEALTH CLINIC,1978-01-01,MO,CORPORATION,,N,2646 STATE ROUTE 76,BOX 309,WILLOW SPRINGS,MO,657938254,36.99579591467168,-91.96702128043158,True,Independent
O20230210001092,MO,00-17,PART A PROVIDER - RURAL HEALTH CLINIC,1194077701,N,268797,2860391158,PHELPS COUNTY REGIONAL MEDICAL CENTER,PHELPS HEALTH MEDICAL GROUP SALEM,,,OTHER,COUNTY HOSPITAL,N,1415 W SCENIC RIVERS BLVD,,SALEM,MO,655602840,38.63121526803655,-88.94864798762943,True,Independent
O20230303001691,MO,00-17,PART A PROVIDER - RURAL HEALTH CLINIC,1457799520,N,268799,2860391158,PHELPS COUNTY REGIONAL MEDICAL CENTER,PHELPS HEALTH MEDICAL GROUP ST JAMES,,,OTHER,COUNTY HOSPITAL,N,1000 N JEFFERSON ST,,SAINT JAMES,MO,655591078,37.9992,-91.6107,True,Independent
O20230303002223,MO,00-17,PART A PROVIDER - RURAL HEALTH CLINIC,1366066037,N,268798,2860391158,PHELPS COUNTY REGIONAL MEDICAL CENTER,PHELPS HEALTH MEDICAL GROUP,,,OTHER,COUNTY HOSPITAL,N,1050 W 10TH ST,,ROLLA,MO,654012905,37.94847797678571,-91.76798442209568,True,Independent
O20230410000480,MO,00-17,PART A PROVIDER - RURAL HEALTH CLINIC,1447430574,N,268796,2860391158,PHELPS COUNTY REGIONAL MEDICAL CENTER,PHELPS HEALTH WAYNESVILLE MEDICAL PLAZA,,,OTHER,COUNTY HOSPITAL,N,1000 GW LN,,WAYNESVILLE,MO,655832339,37.8141419,-92.2266876,True,Independent
O20230531002462,MO,00-17,PART A PROVIDER - RURAL HEALTH CLINIC,1457062101,N,268800,3072422534,BLESSING HOSPITAL,BLESSING HEALTH HANNIBAL,1973-10-29,IL,CORPORATION,,N,100 MEDICAL DR,"STE A, 1G, 1H",HANNIBAL,MO,634016877,39.71250970574913,-91.35415406508469,True,HANNIBAL
O20230627003164,MO,00-17,PART A PROVIDER - RURAL HEALTH CLINIC,1942335203,N,268609,5092616276,SGOH ACQUISITION INC,OCH WEBSTER COUNTY CLINIC,,,CORPORATION,,N,101 S MAIN STREET,,ROGERVILLE,MO,657429357,37.1176314,-93.0572272,True,Independent
O20230708000102,MO,00-17,PART A PROVIDER - RURAL HEALTH CLINIC,1407542103,N,268801,3072422534,BLESSING HOSPITAL,BLESSING HEALTH PALMYRA,1973-10-29,IL,CORPORATION,,N,6996 COUNTY ROAD 326,,PALMYRA,MO,634613119,39.796913030916315,-91.52664055123238,True,HANNIBAL
O20231102003157,MO,00-17,PART A PROVIDER - RURAL HEALTH CLINIC,1720767940,N,268717,1153777826,MERCY HOSPITAL PERRY,MERCY HOSPITAL PERRY - RHC III,2023-03-21,MO,CORPORATION,,N,1508 EDGEMONT BLVD,,PERRYVILLE,MO,637751231,37.727098601113354,-89.8643465966704,True,MERCY
O20231102003465,MO,00-17,PART A PROVIDER - RURAL HEALTH CLINIC,1336828565,N,268763,1153777826,MERCY HOSPITAL PERRY,MERCY HOSPITAL PERRY - RHC IV,2023-03-21,MO,CORPORATION,,N,210 HOSPITAL LN,STE 202,PERRYVILLE,MO,637754200,37.72423995936496,-89.86329466378757,True,MERCY
O20231106001830,MO,00-17,PART A PROVIDER - RURAL HEALTH CLINIC,1639858855,N,268592,1153777826,MERCY HOSPITAL PERRY,MERCY HOSPITAL PERRY - RHC I,2023-03-21,MO,CORPORATION,,N,212 HOSPITAL LN,STE 101A,PERRYVILLE,MO,637754204,37.72065660697753,-89.86181723387762,True,MERCY
O20231109001996,MO,00-17,PART A PROVIDER - RURAL HEALTH CLINIC,1215613880,N,268614,1153777826,MERCY HOSPITAL PERRY,MERCY HOSPITAL PERRY - RHC II,2023-03-21,MO,CORPORATION,,N,206 HOSPITAL LN,STE 201,PERRYVILLE,MO,637751382,37.72255733787288,-89.86470467179258,True,MERCY
O20240322002611,MO,00-17,PART A PROVIDER - RURAL HEALTH CLINIC,1861423683,N,268806,5092624320,SKAGGS COMMUNITY HOSPITAL ASSOCIATION,COXHEALTH CENTER FORSYTH,,,CORPORATION,,N,13852 US HIGHWAY 160,,FORSYTH,MO,656535156,36.687378875729536,-93.12036680547112,True,Independent
O20240403000237,MO,00-17,PART A PROVIDER - RURAL HEALTH CLINIC,1861269318,N,268803,5092622001,CAMERON REGIONAL MEDICAL CENTER INC,KING CITY FAMILY HEALTH,1963-07-02,MO,CORPORATION,,N,200 E VERMONT ST,,KING CITY,MO,644637812,40.0513843,-94.524125,True,Independent
O20241021003778,MO,00-17,PART A PROVIDER - RURAL HEALTH CLINIC,1104512805,N,268809,3072422534,BLESSING HOSPITAL,BLESSING HEALTH KAHOKA,1973-10-29,IL,CORPORATION,,N,103 E COMMERCIAL ST,,KAHOKA,MO,634451701,40.41826258203378,-91.71487184820754,True,HANNIBAL
O20241118000193,MO,00-17,PART A PROVIDER - RURAL HEALTH CLINIC,1760241939,N,268804,1355252891,MISSOURI DELTA MEDICAL CENTER,MALDEN PRIMARY CARE,,,CORPORATION,,N,412 W BROADWATER RD,,MALDEN,MO,638631358,36.5573,-89.9665,True,Independent
O20241202003695,MO,00-17,PART A PROVIDER - RURAL HEALTH CLINIC,1154053833,N,263929,9931166618,NEW LIBERTY HOSPITAL CORPORATION,THE PLATTSBURG CLINIC,,,CORPORATION,,N,400 W CLAY AVE,,PLATTSBURG,MO,644771424,39.5647,-94.4619,True,Independent
O20250117000194,MO,00-17,PART A PROVIDER - RURAL HEALTH CLINIC,1336506757,N,268805,5092624320,SKAGGS COMMUNITY HOSPITAL ASSOCIATION,COXHEALTH WOMENS CENTER BRANSON,,,CORPORATION,,N,525 BRANSON LANDING BLVD,STE 408,BRANSON,MO,656162192,36.64381008070172,-93.22075578760996,True,Independent
O20250204001028,MO,00-17,PART A PROVIDER - RURAL HEALTH CLINIC,1427806413,N,268807,1951219237,PARKLAND HEALTH CENTER,PARKLAND HEALTH CENTER PRIMARY CARE CLINIC,,,CORPORATION,,N,1106 HAZEL LN,,FARMINGTON,MO,636401999,37.78483533730004,-90.4171881767792,True,Independent
